Wavelength_nm,Response,ExcelInterp,CSVIntensityNorm,ShiftApplied,WL_Min_Filter
405.608002,16.30067,0.00030969279,0.0050481999,2.374402,403.00
405.825836,14.695214,0.00036682446,0.0053905641,2.374402,403.00
406.043671,8.1060375,0.00063270817,0.0051287562,2.374402,403.00
406.261536,6.6304653,0.00065201945,0.0043231924,2.374402,403.00
406.479370,6.9380264,0.00054764507,0.003799576,2.374402,403.00
406.697266,9.9810734,0.00053402543,0.0053301471,2.374402,403.00
406.915161,9.2844962,0.00052853983,0.0049072261,2.374402,403.00
407.133057,7.1210698,0.00063820782,0.0045447224,2.374402,403.00
407.350983,4.049679,0.0010277554,0.0041620796,2.374402,403.00
407.568939,6.4721534,0.00097291014,0.0062968237,2.374402,403.00
407.786865,5.6269764,0.0010080923,0.0056725118,2.374402,403.00
408.004852,2.772725,0.0011814945,0.0032759593,2.374402,403.00
408.222778,5.7221431,0.001086353,0.0062162674,2.374402,403.00
408.440796,4.0732873,0.0011058498,0.004504444,2.374402,403.00
408.658783,3.7338098,0.0010877319,0.0040613842,2.374402,403.00
408.876801,4.3131752,0.0011704138,0.0050481999,2.374402,403.00
409.094849,4.3351631,0.00127597,0.005531538,2.374402,403.00
409.312866,4.144719,0.0012131246,0.0050280607,2.374402,403.00
409.530945,4.0971798,0.0011239779,0.0046051395,2.374402,403.00
409.749023,3.5638814,0.0012074064,0.0043030532,2.374402,403.00
409.967071,4.7116487,0.0011825619,0.0055718164,2.374402,403.00
410.185150,3.9932832,0.0010725295,0.004282914,2.374402,403.00
410.403259,3.0606962,0.0010374319,0.0031752638,2.374402,403.00
410.621399,6.7939004,0.00088237051,0.0059947373,2.374402,403.00
410.839539,4.9808674,0.0009326524,0.0046454179,2.374402,403.00
411.057678,5.4112661,0.0011338771,0.0061357106,2.374402,403.00
411.275848,5.2441098,0.0012122631,0.0063572407,2.374402,403.00
411.493988,3.5888539,0.0012887899,0.0046252787,2.374402,403.00
411.712189,3.5490397,0.0012351537,0.0043836097,2.374402,403.00
411.930389,5.2725968,0.0011178632,0.0058940419,2.374402,403.00
412.148621,3.9352641,0.0012213998,0.0048065307,2.374402,403.00
412.366852,4.4652802,0.0013515423,0.0060350152,2.374402,403.00
412.585083,2.360128,0.001695233,0.0040009668,2.374402,403.00
412.803345,2.9457327,0.0019598544,0.0057732072,2.374402,403.00
413.021637,2.8416387,0.0021663027,0.0061558498,2.374402,403.00
413.239868,2.8664611,0.002098363,0.006014876,2.374402,403.00
413.458191,2.7401454,0.0020921988,0.0057329288,2.374402,403.00
413.676483,2.043332,0.0021453242,0.0043836097,2.374402,403.00
413.894806,2.3519408,0.0022063367,0.0051891732,2.374402,403.00
414.113159,2.1006106,0.002412793,0.0050683386,2.374402,403.00
414.331512,2.4144826,0.0025412113,0.0061357106,2.374402,403.00
414.549866,2.6316544,0.0025228193,0.0066391884,2.374402,403.00
414.768250,1.6955639,0.002466565,0.0041822185,2.374402,403.00
414.986603,1.8280934,0.0024970613,0.0045648614,2.374402,403.00
415.205017,2.2142361,0.0025254556,0.005591955,2.374402,403.00
415.423431,2.454286,0.0026312891,0.0064579361,2.374402,403.00
415.641876,1.7893974,0.0028099185,0.0050280607,2.374402,403.00
415.860321,2.5773065,0.0028963924,0.0074648911,2.374402,403.00
416.078766,1.8571892,0.0030109776,0.005591955,2.374402,403.00
416.297241,2.2511551,0.0032623504,0.0073440565,2.374402,403.00
416.515717,1.6073121,0.0035417206,0.0056926504,2.374402,403.00
416.734192,1.4307757,0.0038661113,0.005531538,2.374402,403.00
416.952698,1.0847094,0.0041526737,0.004504444,2.374402,403.00
417.171234,1.4085813,0.0044846279,0.0063169629,2.374402,403.00
417.389770,1.0564694,0.0047593057,0.0050280607,2.374402,403.00
417.608337,0.99933657,0.0048500262,0.0048468085,2.374402,403.00
417.826874,1.2170248,0.0049588269,0.0060350152,2.374402,403.00
418.045471,1.2548932,0.0051943494,0.0065183537,2.374402,403.00
418.264069,1.1289679,0.0054526349,0.0061558498,2.374402,403.00
418.482666,1.2790895,0.0056471588,0.0072232218,2.374402,403.00
418.701263,0.964418,0.0057147407,0.0055113988,2.374402,403.00
418.919891,1.0318359,0.0059268836,0.0061155714,2.374402,403.00
419.138519,0.85688316,0.0060558703,0.0051891732,2.374402,403.00
419.357178,0.89508273,0.0062474169,0.005591955,2.374402,403.00
419.575867,1.247765,0.0064506734,0.0080489246,2.374402,403.00
419.794525,1.0189495,0.0068714805,0.0070016918,2.374402,403.00
420.013245,1.0319956,0.0072919961,0.0075253082,2.374402,403.00
420.231934,0.98803767,0.0076979498,0.0076058644,2.374402,403.00
420.450653,0.90375884,0.0081038402,0.0073239173,2.374402,403.00
420.669373,0.85284494,0.0083278763,0.0071023872,2.374402,403.00
420.888123,1.0167317,0.0087681987,0.0089149057,2.374402,403.00
421.106903,0.88121646,0.009156733,0.0080690638,2.374402,403.00
421.325684,0.78083816,0.0095858921,0.0074850303,2.374402,403.00
421.544464,1.010392,0.0099992006,0.010103112,2.374402,403.00
421.763275,1.0541404,0.010424828,0.010989233,2.374402,403.00
421.982086,0.81772563,0.010902074,0.0089149057,2.374402,403.00
422.200897,0.78647327,0.011437721,0.008995462,2.374402,403.00
422.419739,0.83878238,0.011804875,0.0099017215,2.374402,403.00
422.638580,0.75938422,0.012323098,0.0093579659,2.374402,403.00
422.857452,0.72082552,0.013010229,0.0093781051,2.374402,403.00
423.076324,0.60759991,0.013545388,0.0082301768,2.374402,403.00
423.295227,0.58767653,0.01410741,0.0082905939,2.374402,403.00
423.514130,0.79454457,0.01481938,0.011774658,2.374402,403.00
423.733063,0.57007851,0.015390744,0.0087739324,2.374402,403.00
423.951996,0.71520668,0.015956441,0.011412153,2.374402,403.00
424.170929,0.66070833,0.01660202,0.010969093,2.374402,403.00
424.389893,0.64966675,0.017225175,0.011190624,2.374402,403.00
424.608856,0.54622127,0.018090806,0.0098815829,2.374402,403.00
424.827850,0.65348019,0.018819658,0.012298273,2.374402,403.00
425.046845,0.60322901,0.019552767,0.011794796,2.374402,403.00
425.265869,0.58941578,0.02042101,0.012036466,2.374402,403.00
425.484894,0.60913766,0.021313742,0.012983003,2.374402,403.00
425.703949,0.59161914,0.022149109,0.013103837,2.374402,403.00
425.923004,0.63138115,0.0232422,0.014674687,2.374402,403.00
426.142029,0.58372449,0.024415226,0.014251765,2.374402,403.00
426.361114,0.55159746,0.025435643,0.014030236,2.374402,403.00
426.580200,0.57437956,0.026530507,0.015238581,2.374402,403.00
426.799316,0.57540255,0.027533341,0.015842755,2.374402,403.00
427.018433,0.58293642,0.028766692,0.016769152,2.374402,403.00
427.237579,0.56096898,0.030000891,0.01682957,2.374402,403.00
427.456726,0.5343391,0.031156841,0.016648318,2.374402,403.00
427.675873,0.53948595,0.032352802,0.017453882,2.374402,403.00
427.895019,0.62159982,0.033651565,0.020917807,2.374402,403.00
428.114197,0.57656872,0.034882646,0.020112243,2.374402,403.00
428.333404,0.51691299,0.036142189,0.018682367,2.374402,403.00
428.552612,0.53629036,0.037540076,0.02013238,2.374402,403.00
428.771851,0.54519942,0.039106036,0.021320588,2.374402,403.00
428.991089,0.49277526,0.04073249,0.020071963,2.374402,403.00
429.210327,0.51606174,0.042250617,0.021803927,2.374402,403.00
429.429596,0.51629631,0.043908715,0.022669907,2.374402,403.00
429.648865,0.51532348,0.045672066,0.023535888,2.374402,403.00
429.868133,0.50900064,0.047426385,0.024140061,2.374402,403.00
430.087433,0.54487154,0.04925693,0.026838699,2.374402,403.00
430.306763,0.51049331,0.051232741,0.026153972,2.374402,403.00
430.526093,0.53035654,0.053263108,0.028248437,2.374402,403.00
430.745422,0.50133463,0.055342195,0.027744959,2.374402,403.00
430.964783,0.52913304,0.057344563,0.030342903,2.374402,403.00
431.184174,0.52101032,0.059436851,0.030967213,2.374402,403.00
431.403534,0.49515642,0.061848842,0.030624851,2.374402,403.00
431.622955,0.49804393,0.064320805,0.032034587,2.374402,403.00
431.842346,0.51303758,0.066837529,0.034290164,2.374402,403.00
432.061737,0.49401959,0.069492069,0.034330443,2.374402,403.00
432.281189,0.48307655,0.072108488,0.03483392,2.374402,403.00
432.500641,0.4879095,0.074655052,0.036424909,2.374402,403.00
432.720093,0.49882648,0.077381476,0.038599929,2.374402,403.00
432.939575,0.48830012,0.080286903,0.039204104,2.374402,403.00
433.159058,0.49048487,0.08329617,0.040855511,2.374402,403.00
433.378571,0.49938655,0.086328091,0.043111088,2.374402,403.00
433.598083,0.49785616,0.089344173,0.044480547,2.374402,403.00
433.817596,0.4987013,0.092463788,0.046111811,2.374402,403.00
434.037109,0.51442888,0.095626617,0.049193094,2.374402,403.00
434.256653,0.50305597,0.09898952,0.049797269,2.374402,403.00
434.476227,0.49782477,0.10253787,0.051045894,2.374402,403.00
434.695801,0.50777139,0.10624057,0.053945921,2.374402,403.00
434.915405,0.49456938,0.11001312,0.054409119,2.374402,403.00
435.135010,0.50419639,0.11386406,0.057409847,2.374402,403.00
435.354614,0.50631908,0.1179211,0.059705704,2.374402,403.00
435.574249,0.49876181,0.12225168,0.060974466,2.374402,403.00
435.793915,0.49590835,0.12665067,0.062807124,2.374402,403.00
436.013519,0.49762103,0.13131408,0.065344649,2.374402,403.00
436.233215,0.51058079,0.13618526,0.06953358,2.374402,403.00
436.452881,0.51080221,0.14109396,0.072071105,2.374402,403.00
436.672577,0.50919981,0.14616537,0.074427378,2.374402,403.00
436.892304,0.50718481,0.15147128,0.076823931,2.374402,403.00
437.112030,0.50742714,0.15691567,0.079623271,2.374402,403.00
437.331757,0.52145244,0.16250494,0.084738595,2.374402,403.00
437.551514,0.51679276,0.16837371,0.087014314,2.374402,403.00
437.771271,0.52108112,0.17436994,0.090860885,2.374402,403.00
437.991058,0.49932734,0.18079692,0.090276843,2.374402,403.00
438.210815,0.51146709,0.18745197,0.095875513,2.374402,403.00
438.430603,0.50209001,0.19448257,0.097647758,2.374402,403.00
438.650421,0.52122347,0.20179401,0.10517977,2.374402,403.00
438.870239,0.52816658,0.20932205,0.11055691,2.374402,403.00
439.090088,0.52836388,0.21709579,0.11470557,2.374402,403.00
439.309936,0.50622866,0.22519605,0.1140007,2.374402,403.00
439.529816,0.51322398,0.23354554,0.11986117,2.374402,403.00
439.749695,0.51630662,0.24198069,0.12493623,2.374402,403.00
439.969574,0.52802814,0.25079718,0.13242797,2.374402,403.00
440.189484,0.51802714,0.25983772,0.13460299,2.374402,403.00
440.409363,0.5143733,0.26908333,0.13840928,2.374402,403.00
440.629303,0.53078569,0.27874757,0.14795522,2.374402,403.00
440.849243,0.5307582,0.2887792,0.15327193,2.374402,403.00
441.069214,0.51780405,0.29934856,0.1550039,2.374402,403.00
441.289185,0.53304962,0.31039529,0.16545609,2.374402,403.00
441.509155,0.53256754,0.32175606,0.17135684,2.374402,403.00
441.729156,0.53161519,0.33347003,0.17727773,2.374402,403.00
441.949188,0.53664518,0.34558069,0.18545421,2.374402,403.00
442.169190,0.53303972,0.35796808,0.1908112,2.374402,403.00
442.389191,0.5412684,0.37060876,0.20059881,2.374402,403.00
442.609253,0.53612248,0.38351954,0.20561345,2.374402,403.00
442.829315,0.53603286,0.39662065,0.2126017,2.374402,403.00
443.049377,0.53748997,0.40997092,0.22035526,2.374402,403.00
443.269470,0.54021022,0.42356415,0.22881368,2.374402,403.00
443.489563,0.54533238,0.43731209,0.23848044,2.374402,403.00
443.709686,0.53777308,0.45139845,0.24274994,2.374402,403.00
443.929810,0.54961698,0.46589149,0.25606188,2.374402,403.00
444.149963,0.54329108,0.48062042,0.26111679,2.374402,403.00
444.370117,0.55493713,0.4956109,0.27503289,2.374402,403.00
444.590271,0.54925867,0.5108179,0.28057116,2.374402,403.00
444.810425,0.54986799,0.52618386,0.28933166,2.374402,403.00
445.030609,0.55073351,0.54162957,0.29829356,2.374402,403.00
445.250824,0.54992637,0.55710973,0.30636933,2.374402,403.00
445.471039,0.54585688,0.57251593,0.31251176,2.374402,403.00
445.691254,0.54612336,0.58790905,0.32107087,2.374402,403.00
445.911499,0.54919207,0.60321591,0.33128139,2.374402,403.00
446.131775,0.54738266,0.61841805,0.33851132,2.374402,403.00
446.352020,0.549651,0.63352629,0.34821836,2.374402,403.00
446.572296,0.5496834,0.64836383,0.35639484,2.374402,403.00
446.792602,0.55284553,0.6627601,0.36640395,2.374402,403.00
447.012878,0.55150412,0.67653222,0.3731103,2.374402,403.00
447.233215,0.55432295,0.68940452,0.38215275,2.374402,403.00
447.453522,0.5579665,0.70128924,0.3912959,2.374402,403.00
447.673889,0.55191584,0.71226153,0.39310842,2.374402,403.00
447.894257,0.55792617,0.72238408,0.40303699,2.374402,403.00
448.114624,0.56560646,0.73173109,0.41387184,2.374402,403.00
448.334992,0.56056759,0.74039222,0.41503988,2.374402,403.00
448.555389,0.56198245,0.74845474,0.42061842,2.374402,403.00
448.775818,0.56103351,0.75600255,0.42414276,2.374402,403.00
448.996216,0.56535208,0.763016,0.43137268,2.374402,403.00
449.216644,0.55996731,0.76934633,0.4308088,2.374402,403.00
449.437073,0.5681914,0.77490491,0.4402943,2.374402,403.00
449.657562,0.56890043,0.77956777,0.44349644,2.374402,403.00
449.878021,0.56994013,0.78305725,0.44629575,2.374402,403.00
450.098511,0.5681281,0.78534213,0.44617493,2.374402,403.00
450.319000,0.57405278,0.78649853,0.45149166,2.374402,403.00
450.539520,0.57338947,0.78649511,0.45096802,2.374402,403.00
450.760040,0.56576996,0.78548299,0.44440268,2.374402,403.00
450.980591,0.57707834,0.78349171,0.4521361,2.374402,403.00
451.201141,0.5714318,0.78041404,0.4459534,2.374402,403.00
451.421722,0.57630063,0.7763718,0.44742356,2.374402,403.00
451.642242,0.57458281,0.77129736,0.4431742,2.374402,403.00
451.862854,0.5729587,0.76515329,0.43840123,2.374402,403.00
452.083466,0.57415442,0.75801778,0.43521926,2.374402,403.00
452.304077,0.58249733,0.74992688,0.4368304,2.374402,403.00
452.524689,0.58497895,0.74103057,0.43348729,2.374402,403.00
452.745331,0.58788373,0.73147692,0.43002338,2.374402,403.00
452.966003,0.58589851,0.7213749,0.42265248,2.374402,403.00
453.186676,0.58809321,0.71087501,0.41806076,2.374402,403.00
453.407349,0.58433086,0.70014954,0.40911899,2.374402,403.00
453.628052,0.5920144,0.68922561,0.40803149,2.374402,403.00
453.848755,0.58671418,0.67815199,0.39788139,2.374402,403.00
454.069428,0.59299617,0.66685853,0.39544455,2.374402,403.00
454.290161,0.60390347,0.65534776,0.39576679,2.374402,403.00
454.510895,0.59643408,0.64359931,0.38386456,2.374402,403.00
454.731659,0.60110959,0.63162466,0.37967564,2.374402,403.00
454.952423,0.59802444,0.61952688,0.37049221,2.374402,403.00
455.173218,0.5895409,0.60729646,0.3580261,2.374402,403.00
455.394012,0.60271197,0.59512787,0.35869069,2.374402,403.00
455.614838,0.60412094,0.58303899,0.35222606,2.374402,403.00
455.835632,0.60956394,0.57112599,0.34813781,2.374402,403.00
456.056488,0.60865279,0.55934134,0.34044467,2.374402,403.00
456.277344,0.60315437,0.54767877,0.33033484,2.374402,403.00
456.498169,0.61961731,0.53611743,0.33218764,2.374402,403.00
456.719025,0.62077683,0.52470226,0.32572301,2.374402,403.00
456.939911,0.62055352,0.51343502,0.31861391,2.374402,403.00
457.160828,0.62723683,0.50257017,0.31523052,2.374402,403.00
457.381714,0.62932807,0.49209991,0.30969229,2.374402,403.00
457.602661,0.62431889,0.48217742,0.30103247,2.374402,403.00
457.823578,0.640397,0.4727447,0.30274429,2.374402,403.00
458.044525,0.64009317,0.46390783,0.29694423,2.374402,403.00
458.265503,0.63251047,0.45571442,0.28824414,2.374402,403.00
458.486481,0.6491443,0.44800816,0.29082194,2.374402,403.00
458.707458,0.64167349,0.44070146,0.28278645,2.374402,403.00
458.928467,0.64527558,0.43374713,0.27988643,2.374402,403.00
459.149445,0.6443053,0.42711741,0.27519401,2.374402,403.00
459.370483,0.64012459,0.42059443,0.26923284,2.374402,403.00
459.591522,0.64828754,0.41442868,0.26866895,2.374402,403.00
459.812561,0.65314519,0.40835553,0.26671545,2.374402,403.00
460.033630,0.66514542,0.40256263,0.26776269,2.374402,403.00
460.254700,0.65962996,0.39695255,0.26184179,2.374402,403.00
460.475800,0.67026859,0.39155344,0.26244597,2.374402,403.00
460.696899,0.67530735,0.3865145,0.26101608,2.374402,403.00
460.917999,0.66860796,0.381833,0.25529658,2.374402,403.00
461.139130,0.66694053,0.3774429,0.25173197,2.374402,403.00
461.360291,0.67687921,0.37323975,0.25263823,2.374402,403.00
461.581390,0.68531815,0.36926084,0.25306115,2.374402,403.00
461.802582,0.68974874,0.3653998,0.25203405,2.374402,403.00
462.023743,0.68638485,0.36167452,0.24824791,2.374402,403.00
462.244934,0.69224618,0.35797214,0.24780485,2.374402,403.00
462.466156,0.6954453,0.3542404,0.24635482,2.374402,403.00
462.687347,0.69688361,0.35053271,0.2442805,2.374402,403.00
462.908600,0.70551352,0.34684441,0.24470342,2.374402,403.00
463.129822,0.69618172,0.34322022,0.23894364,2.374402,403.00
463.351074,0.68872685,0.3395373,0.23384845,2.374402,403.00
463.572357,0.70789965,0.33577503,0.23769503,2.374402,403.00
463.793640,0.71094356,0.3319579,0.23600333,2.374402,403.00
464.014923,0.71517233,0.32808019,0.23463387,2.374402,403.00
464.236237,0.7156291,0.32412793,0.23195538,2.374402,403.00
464.457519,0.7264909,0.32019668,0.23261998,2.374402,403.00
464.678863,0.71785294,0.31630653,0.22706157,2.374402,403.00
464.900208,0.73526928,0.31237489,0.22967966,2.374402,403.00
465.121552,0.72237684,0.3083038,0.22271153,2.374402,403.00
465.342926,0.7318339,0.30404458,0.22251013,2.374402,403.00
465.564301,0.73498894,0.29975279,0.22031498,2.374402,403.00
465.785706,0.74405765,0.2953144,0.21973094,2.374402,403.00
466.007111,0.74607961,0.290789,0.21695175,2.374402,403.00
466.228546,0.74741326,0.28617449,0.21389061,2.374402,403.00
466.449951,0.75257137,0.28156378,0.21189684,2.374402,403.00
466.671417,0.75419013,0.2769273,0.20885584,2.374402,403.00
466.892853,0.75563707,0.27221269,0.205694,2.374402,403.00
467.114319,0.76823757,0.26756439,0.20555302,2.374402,403.00
467.335785,0.76920226,0.2629612,0.20227035,2.374402,403.00
467.557281,0.7754103,0.25833661,0.20031687,2.374402,403.00
467.778809,0.76818712,0.25368728,0.19487931,2.374402,403.00
468.000305,0.78123668,0.24921775,0.19469805,2.374402,403.00
468.221863,0.77529442,0.24468582,0.18970355,2.374402,403.00
468.443390,0.77654277,0.24024674,0.18656186,2.374402,403.00
468.664947,0.78601085,0.23578984,0.18533337,2.374402,403.00
468.886536,0.80041888,0.23124355,0.1850917,2.374402,403.00
469.108124,0.79083337,0.22676322,0.17933192,2.374402,403.00
469.329712,0.79977511,0.22226382,0.17776107,2.374402,403.00
469.551331,0.79784917,0.21792869,0.17387422,2.374402,403.00
469.772949,0.78697088,0.21367337,0.16815472,2.374402,403.00
469.994537,0.79281794,0.20943032,0.16604012,2.374402,403.00
470.216186,0.82135899,0.20521783,0.16855751,2.374402,403.00
470.437866,0.79875992,0.20114052,0.16066299,2.374402,403.00
470.659515,0.80437883,0.19705652,0.15850809,2.374402,403.00
470.881226,0.80148917,0.19306823,0.15474209,2.374402,403.00
471.102905,0.82758921,0.18921814,0.15659489,2.374402,403.00
471.324615,0.81269546,0.18544987,0.15071426,2.374402,403.00
471.546356,0.81945944,0.18178101,0.14896217,2.374402,403.00
471.768066,0.83147043,0.17808938,0.14807605,2.374402,403.00
471.989838,0.82721765,0.17457405,0.14441074,2.374402,403.00
472.211578,0.81448424,0.17117119,0.13941624,2.374402,403.00
472.433350,0.84437112,0.16785538,0.14173223,2.374402,403.00
472.655151,0.8415463,0.1647095,0.13861067,2.374402,403.00
472.876923,0.85467488,0.16173172,0.13822803,2.374402,403.00
473.098724,0.83726505,0.15888892,0.13303214,2.374402,403.00
473.320557,0.84241424,0.15626819,0.13164255,2.374402,403.00
473.542389,0.86267879,0.15376465,0.1326495,2.374402,403.00
473.764252,0.86565843,0.15130443,0.13097795,2.374402,403.00
473.986114,0.86443938,0.14900169,0.12880293,2.374402,403.00
474.207977,0.86248041,0.14674826,0.1265675,2.374402,403.00
474.429871,0.88495529,0.14450056,0.12787653,2.374402,403.00
474.651764,0.89535807,0.14234933,0.12745362,2.374402,403.00
474.873657,0.89092315,0.14023233,0.12493623,2.374402,403.00
475.095581,0.88186928,0.13815518,0.12183481,2.374402,403.00
475.317535,0.88525415,0.13621646,0.12058619,2.374402,403.00
475.539490,0.88908505,0.13433839,0.11943826,2.374402,403.00
475.761414,0.8962804,0.13267571,0.11891464,2.374402,403.00
475.983398,0.89764161,0.13112839,0.1177063,2.374402,403.00
476.205383,0.88971211,0.1296487,0.11535002,2.374402,403.00
476.427368,0.92949634,0.12832449,0.11927714,2.374402,403.00
476.649383,0.92095681,0.1271308,0.11708198,2.374402,403.00
476.871399,0.90524413,0.1260004,0.11406112,2.374402,403.00
477.093445,0.89803036,0.12488208,0.1121479,2.374402,403.00
477.315491,0.91481991,0.12388899,0.11333611,2.374402,403.00
477.537567,0.9226912,0.12281028,0.11331597,2.374402,403.00
477.759644,0.90830167,0.1217848,0.11061733,2.374402,403.00
477.981720,0.92258404,0.12070713,0.11136248,2.374402,403.00
478.203827,0.92068102,0.11981918,0.11031524,2.374402,403.00
478.425934,0.94509531,0.11891877,0.11238957,2.374402,403.00
478.648071,0.94905655,0.11801924,0.11200693,2.374402,403.00
478.870178,0.93477152,0.11719438,0.10954996,2.374402,403.00
479.092316,0.93560349,0.11637983,0.10888537,2.374402,403.00
479.314484,0.9377747,0.11563792,0.10844231,2.374402,403.00
479.536652,0.93375775,0.11486288,0.10725411,2.374402,403.00
479.758850,0.94726356,0.11422443,0.10820064,2.374402,403.00
479.981049,0.98027908,0.11362338,0.11138262,2.374402,403.00
480.203247,0.96061941,0.11309755,0.1086437,2.374402,403.00
480.425476,0.94693799,0.11249849,0.10652909,2.374402,403.00
480.647705,0.9581893,0.11193415,0.10725411,2.374402,403.00
480.869965,0.95605534,0.11144672,0.10654923,2.374402,403.00
481.092224,0.94306534,0.11091039,0.10459574,2.374402,403.00
481.314514,0.98780493,0.11037234,0.10902634,2.374402,403.00
481.536774,0.97002942,0.10984124,0.10654923,2.374402,403.00
481.759094,0.98600951,0.10934782,0.10781799,2.374402,403.00
481.981384,0.98227278,0.1088822,0.10695202,2.374402,403.00
482.203705,0.96333284,0.10847242,0.10449504,2.374402,403.00
482.426025,0.97122352,0.10806807,0.10495825,2.374402,403.00
482.648376,0.96159889,0.10774652,0.10360893,2.374402,403.00
482.870758,0.96635987,0.10742407,0.10381031,2.374402,403.00
483.093109,1.0136023,0.10704665,0.10850272,2.374402,403.00
483.315491,0.96059207,0.10672732,0.10252141,2.374402,403.00
483.537903,1.0127801,0.10643758,0.10779786,2.374402,403.00
483.760315,1.0054826,0.10608842,0.10667007,2.374402,403.00
483.982727,0.96815625,0.10589346,0.10252141,2.374402,403.00
484.205170,1.0033598,0.10563044,0.10598534,2.374402,403.00
484.427612,1.0120802,0.10533716,0.10660965,2.374402,403.00
484.650085,0.99393374,0.10505177,0.10441449,2.374402,403.00
484.872559,1.0190984,0.10482912,0.10683118,2.374402,403.00
485.095032,0.99189124,0.10467928,0.10383046,2.374402,403.00
485.317505,1.0315635,0.10457758,0.10787842,2.374402,403.00
485.540039,1.0348069,0.10454173,0.10818051,2.374402,403.00
485.762543,1.0254076,0.10445907,0.10711313,2.374402,403.00
485.985077,1.0427227,0.10442409,0.10888537,2.374402,403.00
486.207642,1.0235408,0.10427575,0.10673049,2.374402,403.00
486.430206,1.0244325,0.10428328,0.10683118,2.374402,403.00
486.652771,1.0335036,0.10438127,0.10787842,2.374402,403.00
486.875366,1.041724,0.10456287,0.10892565,2.374402,403.00
487.097961,1.040453,0.1046906,0.10892565,2.374402,403.00
487.320557,1.0222249,0.10482371,0.10715341,2.374402,403.00
487.543182,1.0519763,0.10503706,0.1104965,2.374402,403.00
487.765808,1.0320453,0.10527029,0.1086437,2.374402,403.00
487.988464,1.0254514,0.10561333,0.10830134,2.374402,403.00
488.211121,1.0515637,0.10595925,0.1114229,2.374402,403.00
488.433807,1.0361101,0.10633452,0.11017427,2.374402,403.00
488.656464,1.0676506,0.10673943,0.11396042,2.374402,403.00
488.879150,1.0455155,0.10711156,0.11198679,2.374402,403.00
489.101868,1.0578504,0.10744273,0.11365833,2.374402,403.00
489.324585,1.1048018,0.10785311,0.11915631,2.374402,403.00
489.547302,1.0377621,0.10839697,0.11249027,2.374402,403.00
489.770050,1.094126,0.10886866,0.11911603,2.374402,403.00
489.992828,1.0666675,0.10942443,0.11671948,2.374402,403.00
490.215576,1.0824685,0.1100039,0.11907576,2.374402,403.00
490.438385,1.0731787,0.11065588,0.11875353,2.374402,403.00
490.661163,1.0871237,0.11134831,0.12104939,2.374402,403.00
490.883972,1.0889583,0.11201144,0.12197578,2.374402,403.00
491.106811,1.103788,0.11273247,0.12443275,2.374402,403.00
491.329620,1.1137,0.11353745,0.12644666,2.374402,403.00
491.552490,1.0933419,0.1143253,0.12499664,2.374402,403.00
491.775330,1.0989262,0.11506383,0.12644666,2.374402,403.00
491.998199,1.0830806,0.11594767,0.12558068,2.374402,403.00
492.221069,1.1016838,0.11675009,0.12862168,2.374402,403.00
492.443939,1.0827123,0.11762397,0.12735292,2.374402,403.00
492.666870,1.1057128,0.1184921,0.13101824,2.374402,403.00
492.889770,1.1120643,0.11940899,0.13279047,2.374402,403.00
493.112701,1.1291835,0.12034527,0.13589189,2.374402,403.00
493.335663,1.128888,0.12134012,0.13697941,2.374402,403.00
493.558624,1.1290613,0.12230253,0.13808705,2.374402,403.00
493.781586,1.139326,0.12335717,0.14054403,2.374402,403.00
494.004547,1.1122996,0.12438094,0.13834887,2.374402,403.00
494.227539,1.1584479,0.12540634,0.14527671,2.374402,403.00
494.450561,1.1778396,0.12647067,0.14896217,2.374402,403.00
494.673584,1.1229763,0.12755627,0.14324266,2.374402,403.00
494.896606,1.1439622,0.12868438,0.14721007,2.374402,403.00
495.119659,1.1640076,0.12982479,0.15111705,2.374402,403.00
495.342712,1.1258786,0.13098381,0.14747187,2.374402,403.00
495.565765,1.148399,0.13213297,0.15174137,2.374402,403.00
495.788849,1.1546355,0.13332045,0.15393652,2.374402,403.00
496.011902,1.1687047,0.13454154,0.15723934,2.374402,403.00
496.235016,1.1378808,0.13581449,0.1545407,2.374402,403.00
496.458130,1.143896,0.13705454,0.15677614,2.374402,403.00
496.681244,1.1455751,0.13827763,0.15840741,2.374402,403.00
496.904388,1.1708315,0.13950895,0.16334148,2.374402,403.00
497.127564,1.1471412,0.14079245,0.16150882,2.374402,403.00
497.350708,1.1699704,0.14202151,0.16616096,2.374402,403.00
497.573883,1.1715267,0.14329402,0.16787278,2.374402,403.00
497.797089,1.1523526,0.14457729,0.16660402,2.374402,403.00
498.020294,1.1681959,0.14585752,0.17039016,2.374402,403.00
498.243500,1.159357,0.14714325,0.17059156,2.374402,403.00
498.466736,1.1553794,0.14846906,0.17153809,2.374402,403.00
498.689972,1.1868437,0.14982723,0.1778215,2.374402,403.00
498.913208,1.1824484,0.1511676,0.1787479,2.374402,403.00
499.136475,1.1850418,0.15251922,0.18074166,2.374402,403.00
499.359741,1.1766451,0.15384723,0.1810236,2.374402,403.00
499.583038,1.1994593,0.15516892,0.1861188,2.374402,403.00
499.806335,1.1634667,0.15654187,0.18213125,2.374402,403.00
500.029633,1.1878038,0.15786143,0.1875084,2.374402,403.00
500.252960,1.1983758,0.15920804,0.19079107,2.374402,403.00
500.476288,1.2100776,0.1605643,0.19429526,2.374402,403.00
500.699646,1.2170856,0.16193981,0.19709461,2.374402,403.00
500.923004,1.1925311,0.163349,0.19479876,2.374402,403.00
501.146362,1.2019157,0.16477125,0.19804115,2.374402,403.00
501.369751,1.2052743,0.16618352,0.20029673,2.374402,403.00
501.593140,1.190356,0.16757257,0.19947102,2.374402,403.00
501.816559,1.1956012,0.16899349,0.20204882,2.374402,403.00
502.039978,1.2086635,0.17039963,0.2059558,2.374402,403.00
502.263428,1.2212391,0.17181117,0.20982251,2.374402,403.00
502.486877,1.1937572,0.17325281,0.20682179,2.374402,403.00
502.710327,1.219111,0.17468812,0.21296421,2.374402,403.00
502.933807,1.2046584,0.17608176,0.21211837,2.374402,403.00
503.157288,1.2244834,0.17747423,0.21731426,2.374402,403.00
503.380768,1.2018654,0.17897092,0.21509895,2.374402,403.00
503.604279,1.2098982,0.18047922,0.21836148,2.374402,403.00
503.827789,1.2047248,0.18195635,0.21920733,2.374402,403.00
504.051300,1.2025102,0.18343029,0.22057679,2.374402,403.00
504.274841,1.2457039,0.18486241,0.23028383,2.374402,403.00
504.498413,1.2093076,0.1863128,0.22530948,2.374402,403.00
504.721985,1.2217046,0.18776855,0.2293977,2.374402,403.00
504.945557,1.2340243,0.18923956,0.23352622,2.374402,403.00
505.169128,1.215401,0.19071423,0.23179427,2.374402,403.00
505.392761,1.2600979,0.19218022,0.2421659,2.374402,403.00
505.616363,1.2417725,0.19355668,0.24035338,2.374402,403.00
505.839996,1.2556458,0.19497876,0.24482426,2.374402,403.00
506.063629,1.2512588,0.19643493,0.24579094,2.374402,403.00
506.287292,1.2449646,0.19783245,0.24629441,2.374402,403.00
506.510956,1.2471967,0.19927078,0.24852985,2.374402,403.00
506.734619,1.2341941,0.20070113,0.24770414,2.374402,403.00
506.958313,1.2425595,0.20212144,0.25114793,2.374402,403.00
507.182037,1.244634,0.20349973,0.25328268,2.374402,403.00
507.405731,1.2389216,0.20503947,0.25402783,2.374402,403.00
507.629456,1.2467076,0.20655355,0.25751189,2.374402,403.00
507.853210,1.2434597,0.20808102,0.25874036,2.374402,403.00
508.076965,1.2620325,0.20958269,0.26450016,2.374402,403.00
508.300690,1.2565532,0.21107358,0.26522517,2.374402,403.00
508.524475,1.2601943,0.21262114,0.26794395,2.374402,403.00
508.748261,1.2397581,0.21412792,0.26546683,2.374402,403.00
508.972046,1.2618484,0.21556633,0.27201203,2.374402,403.00
509.195862,1.2830489,0.21698014,0.27839613,2.374402,403.00
509.419678,1.2660447,0.21844684,0.27656347,2.374402,403.00
509.643524,1.2749255,0.21983171,0.28026906,2.374402,403.00
509.867371,1.2866222,0.22124551,0.28465938,2.374402,403.00
510.091217,1.2634113,0.22268001,0.28133644,2.374402,403.00
510.315094,1.2796497,0.22415074,0.28683441,2.374402,403.00
510.538971,1.2761734,0.22566083,0.28798234,2.374402,403.00
510.762878,1.2963897,0.22717506,0.2945074,2.374402,403.00
510.986786,1.2905035,0.22866381,0.29509144,2.374402,403.00
511.210693,1.2939723,0.23018306,0.29785049,2.374402,403.00
511.434631,1.2883714,0.23166831,0.29847481,2.374402,403.00
511.658569,1.2922611,0.23307486,0.30119357,2.374402,403.00
511.882538,1.2772484,0.23448994,0.2995019,2.374402,403.00
512.106506,1.3025935,0.2359416,0.307336,2.374402,403.00
512.330444,1.3127918,0.23734561,0.31158536,2.374402,403.00
512.554443,1.3155316,0.23871894,0.31404231,2.374402,403.00
512.778442,1.2943165,0.2401267,0.31079994,2.374402,403.00
513.002441,1.3057655,0.24156859,0.31543193,2.374402,403.00
513.226502,1.3042328,0.24299512,0.31692221,2.374402,403.00
513.450562,1.3041224,0.24449819,0.31885556,2.374402,403.00
513.674622,1.2975861,0.24600917,0.31921807,2.374402,403.00
513.898682,1.2904343,0.24751305,0.31939933,2.374402,403.00
514.122742,1.3034311,0.24898501,0.32453481,2.374402,403.00
514.346802,1.29625,0.25039543,0.32457508,2.374402,403.00
514.570923,1.2914606,0.25174506,0.32511881,2.374402,403.00
514.795044,1.2812909,0.25316162,0.32437367,2.374402,403.00
515.019165,1.3111012,0.25453278,0.33371823,2.374402,403.00
515.243286,1.323169,0.25592509,0.33863214,2.374402,403.00
515.467468,1.3111227,0.2573856,0.3374641,2.374402,403.00
515.691589,1.3177124,0.25877303,0.34098843,2.374402,403.00
515.915772,1.2945921,0.26017431,0.33681962,2.374402,403.00
516.139954,1.3073467,0.26153339,0.34191483,2.374402,403.00
516.364197,1.2981866,0.26289789,0.34129051,2.374402,403.00
516.588379,1.3191972,0.26417605,0.34850032,2.374402,403.00
516.812622,1.316722,0.26552916,0.34962809,2.374402,403.00
517.036804,1.2987869,0.26674592,0.34644611,2.374402,403.00
517.261108,1.3207356,0.26793967,0.35387745,2.374402,403.00
517.485352,1.311927,0.26912465,0.35307188,2.374402,403.00
517.709595,1.30553,0.27036621,0.35297121,2.374402,403.00
517.933899,1.3142046,0.27166177,0.35701915,2.374402,403.00
518.158203,1.3318688,0.27291263,0.36348382,2.374402,403.00
518.382507,1.3072769,0.27425682,0.35852959,2.374402,403.00
518.606812,1.30787,0.27557988,0.36042266,2.374402,403.00
518.831116,1.3104782,0.27699848,0.36300048,2.374402,403.00
519.055481,1.3253275,0.27837761,0.3689415,2.374402,403.00
519.279846,1.3078482,0.2798345,0.36598105,2.374402,403.00
519.504211,1.2992882,0.28124412,0.36541716,2.374402,403.00
519.728577,1.3132341,0.28259739,0.37111653,2.374402,403.00
519.952942,1.2959408,0.2839286,0.36795467,2.374402,403.00
520.177368,1.3092273,0.28526199,0.37347278,2.374402,403.00
520.401794,1.3069461,0.28656119,0.37452004,2.374402,403.00
520.626160,1.3185486,0.28779693,0.37947423,2.374402,403.00
520.850586,1.3011955,0.28903487,0.37609087,2.374402,403.00
521.075012,1.3127335,0.29026842,0.3810451,2.374402,403.00
521.299500,1.3105629,0.29139459,0.38189094,2.374402,403.00
521.523987,1.3036178,0.29249901,0.3813069,2.374402,403.00
521.748474,1.3196544,0.29364488,0.38750976,2.374402,403.00
521.972961,1.2982595,0.29488517,0.38283746,2.374402,403.00
522.197449,1.316154,0.2960937,0.38970491,2.374402,403.00
522.421997,1.3252248,0.29730393,0.39399454,2.374402,403.00
522.646484,1.3152141,0.2985409,0.3926452,2.374402,403.00
522.871033,1.3110768,0.29975948,0.39300772,2.374402,403.00
523.095581,1.3140395,0.30092276,0.3954244,2.374402,403.00
523.320190,1.322934,0.3020812,0.39963348,2.374402,403.00
523.544739,1.3177847,0.3032463,0.39961332,2.374402,403.00
523.769348,1.307464,0.30439237,0.39798206,2.374402,403.00
523.993957,1.3236553,0.3055529,0.40444672,2.374402,403.00
524.218567,1.3217499,0.30669427,0.40537312,2.374402,403.00
524.443176,1.3279223,0.30789241,0.40885718,2.374402,403.00
524.667847,1.3289547,0.30907769,0.41075025,2.374402,403.00
524.892517,1.3289223,0.31029761,0.4123614,2.374402,403.00
525.117188,1.3319351,0.31151597,0.41491906,2.374402,403.00
525.341858,1.3337967,0.3127119,0.41709409,2.374402,403.00
525.566528,1.327961,0.31390411,0.4168524,2.374402,403.00
525.791199,1.3342914,0.31510145,0.42043717,2.374402,403.00
526.015930,1.3139936,0.31618326,0.41546279,2.374402,403.00
526.240662,1.3340975,0.31729083,0.42329691,2.374402,403.00
526.465393,1.3491959,0.31832265,0.42947961,2.374402,403.00
526.690125,1.3471126,0.31930828,0.43014421,2.374402,403.00
526.914917,1.3299537,0.32030855,0.42599555,2.374402,403.00
527.139648,1.3453107,0.32129282,0.43223869,2.374402,403.00
527.364441,1.360177,0.32231191,0.43840123,2.374402,403.00
527.589233,1.3424694,0.32336798,0.4341116,2.374402,403.00
527.814087,1.3469543,0.32439945,0.43695123,2.374402,403.00
528.038879,1.3484306,0.32550793,0.43892485,2.374402,403.00
528.263733,1.3558777,0.32663133,0.44287212,2.374402,403.00
528.488525,1.3606652,0.32773179,0.44593324,2.374402,403.00
528.713379,1.3417267,0.32883044,0.44120058,2.374402,403.00
528.938293,1.3498797,0.32991772,0.44534923,2.374402,403.00
529.163147,1.3595642,0.33098941,0.45000134,2.374402,403.00
529.388062,1.3500898,0.33214864,0.44843051,2.374402,403.00
529.612915,1.3595247,0.33322102,0.45302222,2.374402,403.00
529.837830,1.3657847,0.33425945,0.45652644,2.374402,403.00
530.062805,1.3482443,0.33529203,0.45205555,2.374402,403.00
530.287720,1.3538834,0.33629036,0.45529792,2.374402,403.00
530.512695,1.3544034,0.33729132,0.45682852,2.374402,403.00
530.737610,1.3455607,0.33826566,0.45515698,2.374402,403.00
530.962585,1.3789198,0.33921035,0.46774388,2.374402,403.00
531.187561,1.3635494,0.34010969,0.46375636,2.374402,403.00
531.412598,1.3565252,0.34105428,0.46264871,2.374402,403.00
531.637573,1.3801197,0.34186308,0.47181198,2.374402,403.00
531.862610,1.348554,0.34265207,0.46208482,2.374402,403.00
532.087647,1.379525,0.34348491,0.47384603,2.374402,403.00
532.312683,1.3755151,0.34431057,0.47360438,2.374402,403.00
532.537659,1.3623128,0.34514899,0.47020087,2.374402,403.00
532.762756,1.393,0.34604642,0.48204266,2.374402,403.00
532.987854,1.379056,0.34693135,0.47843774,2.374402,403.00
533.212891,1.3811749,0.34785723,0.48045167,2.374402,403.00
533.438049,1.3736033,0.34883635,0.47916277,2.374402,403.00
533.663147,1.3717315,0.34978215,0.4798072,2.374402,403.00
533.888245,1.378665,0.3507839,0.4836135,2.374402,403.00
534.113403,1.382942,0.3517815,0.4864934,2.374402,403.00
534.338562,1.3799975,0.3527072,0.48673505,2.374402,403.00
534.563721,1.3750516,0.35366828,0.48631214,2.374402,403.00
534.788879,1.3865511,0.35452603,0.49156845,2.374402,403.00
535.014099,1.3818078,0.35533492,0.49100456,2.374402,403.00
535.239258,1.4031867,0.35607822,0.49964422,2.374402,403.00
535.464478,1.3830651,0.35681748,0.49350179,2.374402,403.00
535.689697,1.3778146,0.35759254,0.49269622,2.374402,403.00
535.914917,1.3870123,0.35835753,0.49704628,2.374402,403.00
536.140198,1.3974534,0.3590667,0.50177898,2.374402,403.00
536.365418,1.3908135,0.35985419,0.50049007,2.374402,403.00
536.590698,1.3800849,0.36071083,0.49781158,2.374402,403.00
536.815979,1.4098616,0.36146319,0.50961306,2.374402,403.00
537.041260,1.4013578,0.36234887,0.50778042,2.374402,403.00
537.266602,1.4041991,0.36323632,0.51005612,2.374402,403.00
537.491882,1.4170013,0.36421832,0.51609785,2.374402,403.00
537.717224,1.4000593,0.36510152,0.51116378,2.374402,403.00
537.942566,1.4026144,0.3658579,0.51315755,2.374402,403.00
538.167908,1.3988262,0.36661831,0.51283532,2.374402,403.00
538.393250,1.4063242,0.36734158,0.51660134,2.374402,403.00
538.618652,1.3904478,0.36792948,0.51158672,2.374402,403.00
538.844055,1.4056357,0.36855306,0.51805135,2.374402,403.00
539.069458,1.4150789,0.36921036,0.5224618,2.374402,403.00
539.294861,1.4064267,0.36983502,0.52014583,2.374402,403.00
539.520264,1.4285048,0.37051955,0.52928898,2.374402,403.00
539.745666,1.4073043,0.37116421,0.52234098,2.374402,403.00
539.971130,1.406279,0.37187875,0.5229653,2.374402,403.00
540.196594,1.4251813,0.37264124,0.53108134,2.374402,403.00
540.422058,1.4067786,0.37340732,0.52530143,2.374402,403.00
540.647522,1.4252983,0.37424972,0.53341748,2.374402,403.00
540.873047,1.4104866,0.37510996,0.52908757,2.374402,403.00
541.098511,1.4178693,0.37589812,0.53297441,2.374402,403.00
541.324036,1.408802,0.37668783,0.53067856,2.374402,403.00
541.549560,1.4099409,0.37739769,0.53210845,2.374402,403.00
541.775085,1.4195306,0.37809702,0.53672028,2.374402,403.00
542.000671,1.413465,0.37886467,0.53551196,2.374402,403.00
542.226196,1.4173253,0.37962312,0.53804946,2.374402,403.00
542.451782,1.4086574,0.38031496,0.53573349,2.374402,403.00
542.677368,1.4127241,0.38103063,0.53829115,2.374402,403.00
542.902954,1.420095,0.38166231,0.54199674,2.374402,403.00
543.128601,1.4209988,0.38226993,0.5432051,2.374402,403.00
543.354187,1.4122665,0.3828653,0.54070783,2.374402,403.00
543.579834,1.4164858,0.38340253,0.54308424,2.374402,403.00
543.805481,1.4148539,0.38395865,0.54324537,2.374402,403.00
544.031128,1.4290708,0.38443708,0.5493878,2.374402,403.00
544.256775,1.4262239,0.3848938,0.54894474,2.374402,403.00
544.482483,1.4268502,0.38540234,0.54991141,2.374402,403.00
544.708191,1.439418,0.38592686,0.55551007,2.374402,403.00
544.933899,1.4279136,0.3865116,0.55190519,2.374402,403.00
545.159607,1.4229711,0.38714643,0.55089821,2.374402,403.00
545.385315,1.4417666,0.38777058,0.55907468,2.374402,403.00
545.611023,1.4409724,0.38840358,0.55967885,2.374402,403.00
545.836792,1.4420682,0.38900224,0.56096775,2.374402,403.00
546.062561,1.4323434,0.3896046,0.55804758,2.374402,403.00
546.288330,1.4345932,0.39021495,0.55979971,2.374402,403.00
546.514099,1.4250533,0.39082042,0.55693993,2.374402,403.00
546.739929,1.43764,0.39146119,0.56278027,2.374402,403.00
546.965698,1.4449798,0.39212087,0.56660673,2.374402,403.00
547.191528,1.4452058,0.39263088,0.56743242,2.374402,403.00
547.417358,1.4395852,0.39311463,0.56592198,2.374402,403.00
547.643188,1.4364844,0.39362671,0.56543864,2.374402,403.00
547.869080,1.4526823,0.39414531,0.5725679,2.374402,403.00
548.094849,1.4535223,0.39466571,0.5736554,2.374402,403.00
548.320740,1.4643431,0.39518756,0.57869017,2.374402,403.00
548.546631,1.4522204,0.39567131,0.57460195,2.374402,403.00
548.772522,1.4618287,0.39619794,0.57917351,2.374402,403.00
548.998413,1.4641592,0.39669521,0.58082493,2.374402,403.00
549.224365,1.4567026,0.39720505,0.57860962,2.374402,403.00
549.450256,1.46284,0.3978101,0.58193254,2.374402,403.00
549.676209,1.4730701,0.39839697,0.58686665,2.374402,403.00
549.902161,1.472912,0.39890458,0.58755136,2.374402,403.00
550.128174,1.4665433,0.3994422,0.58579927,2.374402,403.00
550.354126,1.4722333,0.40007339,0.58900137,2.374402,403.00
550.580139,1.4671354,0.40066741,0.58783332,2.374402,403.00
550.806152,1.461152,0.40131575,0.58638331,2.374402,403.00
551.032166,1.4747885,0.4019475,0.59278755,2.374402,403.00
551.258179,1.4836526,0.40255948,0.5972584,2.374402,403.00
551.484192,1.481277,0.40312351,0.59713757,2.374402,403.00
551.710266,1.4792959,0.40362255,0.59707718,2.374402,403.00
551.936340,1.4856687,0.40407363,0.60031955,2.374402,403.00
552.162415,1.4802566,0.40461227,0.59892997,2.374402,403.00
552.388489,1.4778029,0.40503876,0.59856746,2.374402,403.00
552.614563,1.4967122,0.40543832,0.60682449,2.374402,403.00
552.840698,1.5021715,0.40588202,0.60970439,2.374402,403.00
553.066834,1.4762648,0.4063202,0.59983621,2.374402,403.00
553.292969,1.4913751,0.40676767,0.6066432,2.374402,403.00
553.519104,1.4980341,0.40727185,0.61010714,2.374402,403.00
553.745239,1.4996005,0.40784024,0.61159742,2.374402,403.00
553.971375,1.5007741,0.4084875,0.61304747,2.374402,403.00
554.197571,1.4934321,0.40909327,0.61095302,2.374402,403.00
554.423767,1.5049443,0.40959034,0.61641067,2.374402,403.00
554.649963,1.5039876,0.41002501,0.61667251,2.374402,403.00
554.876160,1.5174085,0.41043321,0.62279482,2.374402,403.00
555.102417,1.5134054,0.41082683,0.62174752,2.374402,403.00
555.328613,1.5089382,0.41121563,0.62049896,2.374402,403.00
555.554871,1.5159887,0.41161463,0.62400314,2.374402,403.00
555.781128,1.5157037,0.41199763,0.62446632,2.374402,403.00
556.007385,1.5185841,0.41234341,0.62617813,2.374402,403.00
556.233704,1.5264748,0.41266586,0.62992404,2.374402,403.00
556.459961,1.5205294,0.41306089,0.62807124,2.374402,403.00
556.686279,1.5231898,0.41352939,0.62988372,2.374402,403.00
556.912598,1.5256547,0.41404933,0.63169628,2.374402,403.00
557.138916,1.5308392,0.41454144,0.6345963,2.374402,403.00
557.365295,1.5283405,0.41500838,0.6342741,2.374402,403.00
557.591614,1.5422847,0.41547385,0.64077897,2.374402,403.00
557.817993,1.5392393,0.41598189,0.64029567,2.374402,403.00
558.044373,1.5396426,0.41642228,0.64114148,2.374402,403.00
558.270752,1.5522706,0.41688787,0.6471228,2.374402,403.00
558.497131,1.5509267,0.41732704,0.64724367,2.374402,403.00
558.723572,1.5531434,0.41774282,0.6488145,2.374402,403.00
558.949951,1.5592671,0.41809124,0.65191593,2.374402,403.00
559.176392,1.5520512,0.41847795,0.64949921,2.374402,403.00
559.402832,1.552836,0.41887603,0.65044576,2.374402,403.00
559.629272,1.5619607,0.41930429,0.65493681,2.374402,403.00
559.855774,1.5584592,0.41972945,0.65413124,2.374402,403.00
560.082214,1.5713764,0.4202009,0.66029378,2.374402,403.00
560.308716,1.5665733,0.42074361,0.6591257,2.374402,403.00
560.535217,1.574225,0.42123155,0.66311325,2.374402,403.00
560.761719,1.5833083,0.42179141,0.66782582,2.374402,403.00
560.988281,1.571374,0.42227776,0.66355631,2.374402,403.00
561.214783,1.5695274,0.42272327,0.66347576,2.374402,403.00
561.441345,1.5811503,0.42310578,0.66899384,2.374402,403.00
561.667908,1.5765684,0.42346683,0.66762441,2.374402,403.00
561.894470,1.5660971,0.42384206,0.66377784,2.374402,403.00
562.121033,1.5826786,0.42419878,0.67137031,2.374402,403.00
562.347595,1.5853997,0.42461393,0.6731828,2.374402,403.00
562.574219,1.5842801,0.42500299,0.67332378,2.374402,403.00
562.800842,1.5885455,0.42549723,0.67592172,2.374402,403.00
563.027466,1.578188,0.42595449,0.67223625,2.374402,403.00
563.254089,1.5962573,0.42646952,0.68075508,2.374402,403.00
563.480774,1.5850228,0.42693844,0.67670717,2.374402,403.00
563.707397,1.5901362,0.4273766,0.679587,2.374402,403.00
563.934082,1.5840912,0.42772346,0.67755298,2.374402,403.00
564.160767,1.5836192,0.42804169,0.67785506,2.374402,403.00
564.387451,1.5880573,0.42824046,0.68007037,2.374402,403.00
564.614136,1.6029114,0.42841811,0.68671629,2.374402,403.00
564.840881,1.6028863,0.42858814,0.68697806,2.374402,403.00
565.067627,1.586809,0.42880578,0.68043288,2.374402,403.00
565.294373,1.610476,0.42903183,0.69094549,2.374402,403.00
565.521118,1.5974049,0.42931498,0.68578985,2.374402,403.00
565.747864,1.6027321,0.42968487,0.68866975,2.374402,403.00
565.974609,1.6108931,0.43002091,0.69271773,2.374402,403.00
566.201416,1.6096941,0.43046634,0.69291915,2.374402,403.00
566.428223,1.6073494,0.4308938,0.69259687,2.374402,403.00
566.655029,1.6023415,0.43136069,0.69118714,2.374402,403.00
566.881836,1.6194302,0.43175832,0.69920248,2.374402,403.00
567.108704,1.5926931,0.43217828,0.68832736,2.374402,403.00
567.335510,1.614742,0.43253798,0.69843722,2.374402,403.00
567.562378,1.610752,0.43289677,0.69728933,2.374402,403.00
567.789246,1.6179028,0.43316175,0.70081363,2.374402,403.00
568.016113,1.6108023,0.43347084,0.69823581,2.374402,403.00
568.242981,1.6224514,0.43383409,0.70387475,2.374402,403.00
568.469910,1.6069763,0.43417704,0.6977122,2.374402,403.00
568.696838,1.6232785,0.43450634,0.70532479,2.374402,403.00
568.923706,1.6260351,0.43484726,0.70707692,2.374402,403.00
569.150635,1.6244938,0.43517305,0.70693594,2.374402,403.00
569.377625,1.610842,0.43551053,0.70153865,2.374402,403.00
569.604553,1.629452,0.4358758,0.7102387,2.374402,403.00
569.831543,1.5970026,0.43623283,0.69666498,2.374402,403.00
570.058533,1.6169486,0.43658094,0.70592895,2.374402,403.00
570.285522,1.6208758,0.43687747,0.70812414,2.374402,403.00
570.512512,1.6320044,0.43718089,0.71348111,2.374402,403.00
570.739502,1.6120763,0.43745073,0.70520393,2.374402,403.00
570.966553,1.6148505,0.43764703,0.70673452,2.374402,403.00
571.193543,1.6076456,0.43785462,0.70391506,2.374402,403.00
571.420593,1.6242716,0.43800995,0.7114471,2.374402,403.00
571.647705,1.6296282,0.43812731,0.71398461,2.374402,403.00
571.874756,1.6212938,0.43826786,0.71056098,2.374402,403.00
572.101807,1.6361537,0.43843546,0.7173478,2.374402,403.00
572.328918,1.6130595,0.43863235,0.7075401,2.374402,403.00
572.556030,1.6239852,0.4388064,0.71261511,2.374402,403.00
572.783142,1.6333811,0.43901943,0.71708603,2.374402,403.00
573.010254,1.6194606,0.43931114,0.7114471,2.374402,403.00
573.237427,1.6134327,0.43960435,0.70927203,2.374402,403.00
573.464539,1.6173668,0.43985494,0.71140679,2.374402,403.00
573.691711,1.6297005,0.44013452,0.71728745,2.374402,403.00
573.918884,1.6219176,0.44043366,0.71434712,2.374402,403.00
574.146057,1.6171293,0.44069166,0.71265542,2.374402,403.00
574.373230,1.6131663,0.44092541,0.711286,2.374402,403.00
574.600464,1.6151795,0.44116134,0.71255475,2.374402,403.00
574.827698,1.6252126,0.44137467,0.71732768,2.374402,403.00
575.054871,1.6242936,0.44155,0.71720682,2.374402,403.00
575.282166,1.6192647,0.44169006,0.71521312,2.374402,403.00
575.509399,1.6073034,0.44179444,0.71009772,2.374402,403.00
575.736633,1.6193715,0.44192205,0.71563599,2.374402,403.00
575.963928,1.6303379,0.44197592,0.72057009,2.374402,403.00
576.191223,1.6304135,0.44201717,0.72067076,2.374402,403.00
576.418518,1.6223534,0.4421029,0.71724713,2.374402,403.00
576.645813,1.615459,0.44216957,0.71430681,2.374402,403.00
576.873108,1.6211339,0.44229882,0.7170256,2.374402,403.00
577.100403,1.6131703,0.44244738,0.71374296,2.374402,403.00
577.327759,1.6145174,0.44257717,0.71454853,2.374402,403.00
577.555115,1.6219819,0.44270082,0.71805271,2.374402,403.00
577.782471,1.6188751,0.44285378,0.71692493,2.374402,403.00
578.009827,1.6144098,0.44294346,0.71509226,2.374402,403.00
578.237183,1.6115531,0.44299134,0.71390406,2.374402,403.00
578.464600,1.6065039,0.44302976,0.71172906,2.374402,403.00
578.692017,1.6120718,0.44304867,0.71422626,2.374402,403.00
578.919434,1.6068174,0.4430436,0.71189016,2.374402,403.00
579.146851,1.6162313,0.44301741,0.71601862,2.374402,403.00
579.374329,1.6066566,0.4430127,0.7117693,2.374402,403.00
579.601746,1.6047881,0.44295126,0.71084294,2.374402,403.00
579.829224,1.6161107,0.44293834,0.7158374,2.374402,403.00
580.056702,1.6126707,0.44290912,0.71426657,2.374402,403.00
580.284180,1.6106855,0.44290488,0.71338044,2.374402,403.00
580.511658,1.6143324,0.44291481,0.71501171,2.374402,403.00
580.739197,1.6181772,0.44289537,0.71668321,2.374402,403.00
580.966675,1.6248586,0.44283423,0.71954299,2.374402,403.00
581.194214,1.6174473,0.44277153,0.7161596,2.374402,403.00
581.421753,1.606662,0.44269784,0.71126581,2.374402,403.00
581.649353,1.6153292,0.44259162,0.71493116,2.374402,403.00
581.876892,1.604253,0.442509,0.70989638,2.374402,403.00
582.104492,1.6110043,0.44241717,0.71273597,2.374402,403.00
582.332031,1.6090146,0.44233847,0.71172906,2.374402,403.00
582.559631,1.6079232,0.44231303,0.71120538,2.374402,403.00
582.787293,1.616732,0.44222004,0.71495128,2.374402,403.00
583.014893,1.5989009,0.44216384,0.70697617,2.374402,403.00
583.242493,1.6105147,0.44210148,0.71201095,2.374402,403.00
583.470154,1.6168414,0.44206553,0.71474987,2.374402,403.00
583.697815,1.6142237,0.44199642,0.71348111,2.374402,403.00
583.925476,1.6158857,0.44190326,0.71406516,2.374402,403.00
584.153137,1.6121538,0.44176445,0.71219224,2.374402,403.00
584.380859,1.6018816,0.44168056,0.70751998,2.374402,403.00
584.608521,1.6201076,0.4414478,0.71519293,2.374402,403.00
584.836243,1.6081875,0.44118844,0.70951375,2.374402,403.00
585.063965,1.6105599,0.44095122,0.71017834,2.374402,403.00
585.291687,1.6116497,0.4406905,0.7102387,2.374402,403.00
585.519470,1.6074961,0.44038845,0.70792273,2.374402,403.00
585.747192,1.6055024,0.44001962,0.70645256,2.374402,403.00
585.974976,1.5983337,0.43959918,0.70262618,2.374402,403.00
586.202759,1.6144816,0.43931873,0.70927203,2.374402,403.00
586.430542,1.6024878,0.43906286,0.70359286,2.374402,403.00
586.658325,1.609953,0.43885326,0.70653311,2.374402,403.00
586.886169,1.6084472,0.43876326,0.70572754,2.374402,403.00
587.113953,1.6100502,0.43865168,0.70625122,2.374402,403.00
587.341797,1.6050822,0.43849118,0.70381439,2.374402,403.00
587.569641,1.6027318,0.43834261,0.70254563,2.374402,403.00
587.797485,1.6076774,0.43810905,0.704338,2.374402,403.00
588.025391,1.5927107,0.4378762,0.69741012,2.374402,403.00
588.253235,1.6007716,0.43760869,0.70051155,2.374402,403.00
588.481140,1.5945498,0.43724486,0.69720871,2.374402,403.00
588.709045,1.60438,0.43681275,0.70081363,2.374402,403.00
588.936951,1.6013614,0.43635335,0.69875942,2.374402,403.00
589.164856,1.5954409,0.43587723,0.69541634,2.374402,403.00
589.392761,1.6086402,0.43548065,0.70053167,2.374402,403.00
589.620728,1.5969723,0.43505572,0.69477194,2.374402,403.00
589.848694,1.6017465,0.43461395,0.69614136,2.374402,403.00
590.076660,1.6025928,0.43420848,0.6958594,2.374402,403.00
590.304627,1.5980272,0.43381073,0.69324135,2.374402,403.00
590.532593,1.6084106,0.43335165,0.69700737,2.374402,403.00
590.760620,1.5930238,0.43284713,0.68953576,2.374402,403.00
590.988647,1.5997325,0.43240409,0.69173087,2.374402,403.00
591.216675,1.6024548,0.43185806,0.69203302,2.374402,403.00
591.444702,1.6085988,0.43133534,0.69384551,2.374402,403.00
591.672729,1.6053183,0.43079916,0.69156977,2.374402,403.00
591.900757,1.5950044,0.43030205,0.68633366,2.374402,403.00
592.128845,1.6021898,0.42984289,0.68868987,2.374402,403.00
592.356934,1.6050015,0.4293785,0.68915312,2.374402,403.00
592.585022,1.6071189,0.42885035,0.68921348,2.374402,403.00
592.813110,1.6097672,0.42840756,0.68963643,2.374402,403.00
593.041199,1.6197889,0.42793279,0.6931608,2.374402,403.00
593.269348,1.6186656,0.42745837,0.69191216,2.374402,403.00
593.497498,1.6149504,0.42699515,0.689576,2.374402,403.00
593.725586,1.6064839,0.42641237,0.68502459,2.374402,403.00
593.953796,1.6134042,0.42578167,0.68695794,2.374402,403.00
594.181946,1.5987648,0.42514562,0.67970786,2.374402,403.00
594.410095,1.6211367,0.42447132,0.68812602,2.374402,403.00
594.638306,1.6096909,0.42381126,0.68220512,2.374402,403.00
594.866516,1.6190251,0.42317149,0.68512526,2.374402,403.00
595.094727,1.6071322,0.42249357,0.67900303,2.374402,403.00
595.322937,1.6106676,0.42182874,0.6794259,2.374402,403.00
595.551147,1.6056875,0.42120553,0.67632447,2.374402,403.00
595.779419,1.6238952,0.42048859,0.68282941,2.374402,403.00
596.007629,1.5952545,0.4198952,0.66983972,2.374402,403.00
596.235901,1.6194435,0.41931896,0.67906339,2.374402,403.00
596.464172,1.6193773,0.41871432,0.67805647,2.374402,403.00
596.692505,1.6164645,0.4180361,0.6757405,2.374402,403.00
596.920776,1.618429,0.41732953,0.67541822,2.374402,403.00
597.149109,1.6334622,0.41658332,0.68047312,2.374402,403.00
597.377380,1.6188541,0.41591374,0.67330366,2.374402,403.00
597.605713,1.6102962,0.41514757,0.66851054,2.374402,403.00
597.834045,1.6158017,0.41430636,0.6694369,2.374402,403.00
598.062439,1.6220847,0.41354585,0.67080639,2.374402,403.00
598.290772,1.6121509,0.41275866,0.66542923,2.374402,403.00
598.519165,1.6397872,0.41195527,0.67551897,2.374402,403.00
598.747559,1.6243218,0.41119092,0.66790637,2.374402,403.00
598.975952,1.6326855,0.41044138,0.67012168,2.374402,403.00
599.204346,1.6154825,0.40968844,0.6618445,2.374402,403.00
599.432800,1.618511,0.40893428,0.66186462,2.374402,403.00
599.661194,1.630618,0.40817053,0.66557021,2.374402,403.00
599.889648,1.6242252,0.40748321,0.6618445,2.374402,403.00
600.118103,1.6316125,0.40677385,0.66369729,2.374402,403.00
600.346558,1.6382276,0.40605329,0.6652077,2.374402,403.00
600.575012,1.6111006,0.40529013,0.65296315,2.374402,403.00
600.803528,1.6351145,0.40451086,0.66142156,2.374402,403.00
601.031982,1.6372862,0.4036914,0.66095837,2.374402,403.00
601.260498,1.6340733,0.40284601,0.65827989,2.374402,403.00
601.489014,1.6317338,0.40204124,0.65602427,2.374402,403.00
601.717590,1.6303085,0.40118215,0.65405068,2.374402,403.00
601.946167,1.6390231,0.40020407,0.65594372,2.374402,403.00
602.174683,1.6433893,0.39923884,0.65610482,2.374402,403.00
602.403259,1.6339793,0.39829652,0.65080828,2.374402,403.00
602.631836,1.6208641,0.39733212,0.64402138,2.374402,403.00
602.860413,1.6413779,0.39624351,0.65038533,2.374402,403.00
603.088989,1.6400346,0.3952173,0.64817003,2.374402,403.00
603.317627,1.6407802,0.3942767,0.64692139,2.374402,403.00
603.546265,1.6458823,0.39331145,0.64734434,2.374402,403.00
603.774841,1.6411684,0.39230597,0.64384016,2.374402,403.00
604.003479,1.6371219,0.39146732,0.64087971,2.374402,403.00
604.232178,1.634517,0.39066193,0.63854354,2.374402,403.00
604.460815,1.6345403,0.38978157,0.63711369,2.374402,403.00
604.689453,1.6429363,0.3888561,0.63886581,2.374402,403.00
604.918152,1.6414809,0.38793719,0.63679149,2.374402,403.00
605.146851,1.64497,0.38701636,0.63663031,2.374402,403.00
605.375549,1.6433399,0.38601549,0.63435465,2.374402,403.00
605.604248,1.6292704,0.38493611,0.627165,2.374402,403.00
605.833008,1.6472494,0.38384008,0.63228032,2.374402,403.00
606.061707,1.6532512,0.38272677,0.6327435,2.374402,403.00
606.290466,1.6246102,0.38159001,0.61993504,2.374402,403.00
606.519226,1.6575078,0.38046812,0.63062887,2.374402,403.00
606.747986,1.6299108,0.37941,0.61840444,2.374402,403.00
606.976807,1.6396264,0.37829182,0.62025724,2.374402,403.00
607.205566,1.6438178,0.37732723,0.62025724,2.374402,403.00
607.434387,1.6505043,0.37620128,0.62092183,2.374402,403.00
607.663208,1.6559225,0.37507982,0.62110312,2.374402,403.00
607.892029,1.65292,0.37400668,0.6182031,2.374402,403.00
608.120850,1.6315064,0.37301516,0.60857662,2.374402,403.00
608.349670,1.6326658,0.37203483,0.60740853,2.374402,403.00
608.578552,1.6421361,0.37096851,0.60918078,2.374402,403.00
608.807434,1.6492852,0.36992216,0.61010714,2.374402,403.00
609.036255,1.6423854,0.36886439,0.60581751,2.374402,403.00
609.265198,1.6203191,0.36778511,0.59592925,2.374402,403.00
609.494080,1.6513778,0.36662409,0.60543488,2.374402,403.00
609.722961,1.6416885,0.36550028,0.60003759,2.374402,403.00
609.951904,1.6344385,0.36441078,0.59560701,2.374402,403.00
610.180847,1.6436873,0.36332824,0.597198,2.374402,403.00
610.409790,1.6475241,0.3621276,0.59661396,2.374402,403.00
610.638733,1.6393527,0.36095972,0.59174029,2.374402,403.00
610.867676,1.6395757,0.35980514,0.58992777,2.374402,403.00
611.096680,1.6518134,0.35857815,0.59230421,2.374402,403.00
611.325623,1.6502937,0.35734633,0.58972639,2.374402,403.00
611.554627,1.6291584,0.35617224,0.580261,2.374402,403.00
611.783630,1.6376826,0.35512998,0.58159019,2.374402,403.00
612.012695,1.6336402,0.35401166,0.57832766,2.374402,403.00
612.241699,1.6451313,0.35278756,0.58038186,2.374402,403.00
612.470764,1.6302028,0.35162026,0.57321233,2.374402,403.00
612.699768,1.6416704,0.35046444,0.57534709,2.374402,403.00
612.928833,1.6562641,0.3492003,0.57836793,2.374402,403.00
613.157898,1.6390025,0.34808593,0.57051369,2.374402,403.00
613.387024,1.6304311,0.34688961,0.56557962,2.374402,403.00
613.616089,1.637758,0.34566974,0.56612339,2.374402,403.00
613.845215,1.6291899,0.34442202,0.56112889,2.374402,403.00
614.074341,1.6491574,0.34320711,0.56600253,2.374402,403.00
614.303467,1.6382635,0.34205956,0.56038371,2.374402,403.00
614.532593,1.6463909,0.34089699,0.56124971,2.374402,403.00
614.761719,1.6214304,0.33973578,0.55085793,2.374402,403.00
614.990906,1.6261463,0.33862671,0.55065655,2.374402,403.00
615.220032,1.6205731,0.3375295,0.54699124,2.374402,403.00
615.449219,1.617248,0.33628085,0.54384954,2.374402,403.00
615.678406,1.6243422,0.33506014,0.54425232,2.374402,403.00
615.907654,1.6262249,0.33390443,0.54300369,2.374402,403.00
616.136841,1.6064505,0.33269914,0.5344647,2.374402,403.00
616.366089,1.6132015,0.3313568,0.53454528,2.374402,403.00
616.595276,1.6103374,0.33007021,0.53152441,2.374402,403.00
616.824524,1.6184588,0.32874991,0.53206817,2.374402,403.00
617.053772,1.6243638,0.32745562,0.53190704,2.374402,403.00
617.283081,1.6193211,0.32617455,0.52818133,2.374402,403.00
617.512329,1.629931,0.32496567,0.52967161,2.374402,403.00
617.741638,1.6205281,0.32386863,0.52483821,2.374402,403.00
617.970947,1.6151908,0.32275685,0.52131388,2.374402,403.00
618.200256,1.6248068,0.32151602,0.52240141,2.374402,403.00
618.429565,1.6059823,0.3203815,0.51452701,2.374402,403.00
618.658875,1.6072344,0.31919212,0.51301657,2.374402,403.00
618.888245,1.611287,0.31793938,0.51229159,2.374402,403.00
619.117554,1.6159923,0.31663974,0.51168739,2.374402,403.00
619.346924,1.6207646,0.31532221,0.51106307,2.374402,403.00
619.576294,1.6126187,0.31409264,0.50651167,2.374402,403.00
619.805725,1.6158619,0.31286397,0.50554496,2.374402,403.00
620.035095,1.6213027,0.31156564,0.50514221,2.374402,403.00
620.264526,1.6131218,0.31024929,0.50046991,2.374402,403.00
620.493897,1.589647,0.30896517,0.49114554,2.374402,403.00
620.723328,1.6275442,0.30767329,0.50075187,2.374402,403.00
620.952759,1.6161742,0.30639858,0.49519349,2.374402,403.00
621.182251,1.6135538,0.30504895,0.49221288,2.374402,403.00
621.411682,1.5963158,0.30370037,0.4848017,2.374402,403.00
621.641174,1.5934354,0.30240411,0.48186141,2.374402,403.00
621.870666,1.5902653,0.30113266,0.4788808,2.374402,403.00
622.100159,1.6144285,0.2998939,0.48415727,2.374402,403.00
622.329651,1.6038298,0.29872393,0.47910234,2.374402,403.00
622.559143,1.5886715,0.29754301,0.4726981,2.374402,403.00
622.788696,1.6083483,0.2962694,0.4765044,2.374402,403.00
623.018188,1.5850313,0.2950372,0.46764321,2.374402,403.00
623.247742,1.5871864,0.29382454,0.4663543,2.374402,403.00
623.477295,1.5875798,0.29261004,0.46454178,2.374402,403.00
623.706848,1.5803083,0.29140767,0.46051395,2.374402,403.00
623.936462,1.5988642,0.29012919,0.46387719,2.374402,403.00
624.166016,1.6055811,0.28881511,0.46371609,2.374402,403.00
624.395630,1.5853759,0.28756721,0.45590212,2.374402,403.00
624.625244,1.5759571,0.28625726,0.45112915,2.374402,403.00
624.854858,1.5765401,0.28505281,0.44939718,2.374402,403.00
625.084473,1.5932216,0.28374939,0.45207567,2.374402,403.00
625.314148,1.5779332,0.28252933,0.44581242,2.374402,403.00
625.543762,1.5705,0.28137882,0.44190545,2.374402,403.00
625.773438,1.5822012,0.28013796,0.44323463,2.374402,403.00
626.003113,1.5620592,0.278851,0.43558177,2.374402,403.00
626.232788,1.5714097,0.27762746,0.43626648,2.374402,403.00
626.462524,1.5602756,0.27638175,0.4312317,2.374402,403.00
626.692200,1.5752717,0.27515698,0.43344701,2.374402,403.00
626.921936,1.5601572,0.27389851,0.42732474,2.374402,403.00
627.151611,1.5653002,0.27266407,0.42680113,2.374402,403.00
627.381348,1.5765972,0.27142564,0.4279289,2.374402,403.00
627.611145,1.5669158,0.27006945,0.42317609,2.374402,403.00
627.840881,1.5803523,0.26881821,0.42482747,2.374402,403.00
628.070679,1.5628806,0.26762258,0.41826214,2.374402,403.00
628.300415,1.558879,0.26638464,0.41526141,2.374402,403.00
628.530212,1.557304,0.265141,0.41290513,2.374402,403.00
628.760010,1.5574464,0.26382367,0.41089123,2.374402,403.00
628.989807,1.561336,0.26258601,0.40998499,2.374402,403.00
629.219666,1.5504894,0.26135757,0.40523214,2.374402,403.00
629.449463,1.5561413,0.26011067,0.40476896,2.374402,403.00
629.679321,1.5525416,0.25893662,0.40200989,2.374402,403.00
629.909180,1.5659187,0.25771491,0.4035606,2.374402,403.00
630.139038,1.5517957,0.25645254,0.39796194,2.374402,403.00
630.368897,1.5300142,0.25525957,0.39055076,2.374402,403.00
630.598816,1.5704838,0.25399074,0.39888834,2.374402,403.00
630.828674,1.5497357,0.25285588,0.39185979,2.374402,403.00
631.058594,1.5645563,0.25170925,0.39381329,2.374402,403.00
631.288513,1.5289897,0.25049129,0.3829986,2.374402,403.00
631.518433,1.5686707,0.24934153,0.39113476,2.374402,403.00
631.748413,1.5450734,0.24817052,0.38344166,2.374402,403.00
631.978332,1.5423398,0.24692593,0.38084369,2.374402,403.00
632.208313,1.5311074,0.2458174,0.37637283,2.374402,403.00
632.438293,1.5393935,0.24462504,0.37657421,2.374402,403.00
632.668335,1.5354614,0.24341526,0.37375474,2.374402,403.00
632.898315,1.5248138,0.24219613,0.36930401,2.374402,403.00
633.128296,1.5474189,0.24093563,0.37282834,2.374402,403.00
633.358337,1.5202409,0.23981154,0.36457131,2.374402,403.00
633.588318,1.5334205,0.23856466,0.36581995,2.374402,403.00
633.818359,1.5368659,0.23736153,0.36479284,2.374402,403.00
634.048401,1.5356098,0.23620487,0.36271852,2.374402,403.00
634.278442,1.5479581,0.23495814,0.36370535,2.374402,403.00
634.508545,1.5311529,0.23365681,0.35776429,2.374402,403.00
634.738586,1.5429909,0.23246456,0.35869069,2.374402,403.00
634.968689,1.5590381,0.23119563,0.36044278,2.374402,403.00
635.198791,1.5412968,0.23001535,0.35452192,2.374402,403.00
635.428894,1.5380656,0.22880946,0.35192395,2.374402,403.00
635.658997,1.5296939,0.22763925,0.34821836,2.374402,403.00
635.889160,1.5476074,0.22648781,0.35051421,2.374402,403.00
636.119263,1.5378556,0.22526562,0.34642599,2.374402,403.00
636.349426,1.5420885,0.22402042,0.34545932,2.374402,403.00
636.579590,1.5146101,0.22296546,0.33770575,2.374402,403.00
636.809753,1.5314992,0.22179535,0.3396794,2.374402,403.00
637.039917,1.5435473,0.22061212,0.34052525,2.374402,403.00
637.270142,1.5464398,0.21952228,0.33947799,2.374402,403.00
637.500305,1.5436649,0.21840353,0.33714186,2.374402,403.00
637.730530,1.5305571,0.21716866,0.33238905,2.374402,403.00
637.960754,1.526538,0.21594623,0.32965013,2.374402,403.00
638.190979,1.5303872,0.21477144,0.32868346,2.374402,403.00
638.421265,1.5262422,0.21356017,0.32594454,2.374402,403.00
638.651489,1.5421728,0.21233352,0.32745498,2.374402,403.00
638.881775,1.5435974,0.21115904,0.32594454,2.374402,403.00
639.112060,1.5079269,0.21005061,0.31674096,2.374402,403.00
639.342346,1.5177035,0.20890984,0.31706319,2.374402,403.00
639.572632,1.5180153,0.20777905,0.31541177,2.374402,403.00
639.802918,1.5437425,0.20662592,0.31897721,2.374402,403.00
640.033264,1.4981027,0.20554608,0.30792914,2.374402,403.00
640.263550,1.5153417,0.20443798,0.30979339,2.374402,403.00
640.493897,1.4779623,0.20335435,0.30055007,2.374402,403.00
640.724243,1.4793723,0.20241967,0.29945405,2.374402,403.00
640.954590,1.472864,0.20130485,0.29649467,2.374402,403.00
641.184998,1.4831052,0.20015783,0.29685513,2.374402,403.00
641.415344,1.4632771,0.19907236,0.29129801,2.374402,403.00
641.645752,1.4696833,0.19799306,0.29098709,2.374402,403.00
641.876160,1.4418236,0.19691396,0.28391519,2.374402,403.00
642.106567,1.4478144,0.19591165,0.28364371,2.374402,403.00
642.336975,1.4492491,0.19484566,0.2823799,2.374402,403.00
642.567444,1.4490441,0.19379218,0.28081342,2.374402,403.00
642.797852,1.4608456,0.19268701,0.28148597,2.374402,403.00
643.028320,1.4545897,0.1915071,0.27856426,2.374402,403.00
643.258789,1.4558481,0.19045504,0.2772736,2.374402,403.00
643.489258,1.4375194,0.18941969,0.27229447,2.374402,403.00
643.719727,1.4027118,0.18828072,0.26410359,2.374402,403.00
643.950256,1.4257724,0.18716739,0.2668581,2.374402,403.00
644.180725,1.4121695,0.18600049,0.26266421,2.374402,403.00
644.411255,1.4329484,0.18478024,0.26478055,2.374402,403.00
644.641785,1.432114,0.18370875,0.26309188,2.374402,403.00
644.872315,1.4093736,0.18259289,0.2573416,2.374402,403.00
645.102844,1.4119532,0.18151531,0.25629112,2.374402,403.00
645.333435,1.3987513,0.18043854,0.25238865,2.374402,403.00
645.563965,1.4061716,0.17939815,0.25226459,2.374402,403.00
645.794556,1.3727079,0.17833288,0.24479895,2.374402,403.00
646.025147,1.4148829,0.17735399,0.25093513,2.374402,403.00
646.255737,1.3743972,0.17633636,0.24235621,2.374402,403.00
646.486328,1.3857752,0.17539067,0.24305204,2.374402,403.00
646.716980,1.3782181,0.174438,0.24041361,2.374402,403.00
646.947632,1.3517213,0.17336658,0.2343433,2.374402,403.00
647.178223,1.3711271,0.17239034,0.23636906,2.374402,403.00
647.408875,1.3322475,0.17138678,0.22832961,2.374402,403.00
647.639587,1.3317436,0.17034341,0.22685375,2.374402,403.00
647.870239,1.3417061,0.16924434,0.22707616,2.374402,403.00
648.100891,1.3564575,0.16818153,0.2281311,2.374402,403.00
648.331604,1.3530965,0.16722477,0.22627125,2.374402,403.00
648.562317,1.3527978,0.16620257,0.22483848,2.374402,403.00
648.793030,1.355099,0.16522099,0.2238908,2.374402,403.00
649.023743,1.337557,0.1642172,0.21964985,2.374402,403.00
649.254456,1.3968305,0.16325911,0.2280453,2.374402,403.00
649.485291,1.347129,0.1623041,0.21864455,2.374402,403.00
649.716065,1.3558337,0.16130637,0.21870461,2.374402,403.00
649.946777,1.3604333,0.1604502,0.21828179,2.374402,403.00
650.177551,1.3337558,0.15952733,0.2127705,2.374402,403.00
650.408386,1.3445732,0.15861266,0.21326633,2.374402,403.00
650.639160,1.3440163,0.15769473,0.21194429,2.374402,403.00
650.869995,1.3545735,0.15676728,0.2123528,2.374402,403.00
651.100769,1.3219136,0.15582524,0.2059875,2.374402,403.00
651.331604,1.3192247,0.15496425,0.20443265,2.374402,403.00
651.562439,1.3267327,0.15402673,0.2043523,2.374402,403.00
651.793274,1.3195578,0.15317537,0.20212377,2.374402,403.00
652.024170,1.2967459,0.15225747,0.19743924,2.374402,403.00
652.255005,1.3159553,0.15138135,0.19921109,2.374402,403.00
652.485901,1.3490088,0.15058841,0.20314509,2.374402,403.00
652.716797,1.3253844,0.14964523,0.19833745,2.374402,403.00
652.947693,1.322918,0.14871369,0.19673602,2.374402,403.00
653.178589,1.3314837,0.14784961,0.19685935,2.374402,403.00
653.409485,1.3197537,0.14703278,0.19404706,2.374402,403.00
653.640442,1.3459314,0.14614092,0.19669566,2.374402,403.00
653.871399,1.2949678,0.14526546,0.1881141,2.374402,403.00
654.102356,1.3155454,0.14447445,0.1900627,2.374402,403.00
654.333313,1.3145417,0.14361986,0.1887943,2.374402,403.00
654.564270,1.3349228,0.14258071,0.19033424,2.374402,403.00
654.795227,1.3336413,0.14171711,0.18899979,2.374402,403.00
655.026245,1.2808562,0.14092534,0.18050509,2.374402,403.00
655.257263,1.2755149,0.14010907,0.1787112,2.374402,403.00
655.488281,1.3099733,0.13920647,0.18235676,2.374402,403.00
655.719299,1.3329582,0.1383084,0.18435932,2.374402,403.00
655.950317,1.3061618,0.13741915,0.17949164,2.374402,403.00
656.181335,1.3185633,0.13646711,0.17994052,2.374402,403.00
656.412415,1.3196891,0.13556971,0.17890987,2.374402,403.00
656.643494,1.3151976,0.1347626,0.17723944,2.374402,403.00
656.874573,1.3463156,0.13390864,0.18028329,2.374402,403.00
657.105652,1.3341954,0.13302828,0.17748571,2.374402,403.00
657.336731,1.3387105,0.13218295,0.17695471,2.374402,403.00
657.567810,1.3316544,0.13146299,0.17506327,2.374402,403.00
657.798950,1.3368804,0.13060906,0.1746087,2.374402,403.00
658.030090,1.3395578,0.12983557,0.17392225,2.374402,403.00
658.261231,1.3478071,0.12904559,0.17392857,2.374402,403.00
658.492371,1.3176411,0.12822057,0.16894869,2.374402,403.00
658.723511,1.3351857,0.12738847,0.17008726,2.374402,403.00
658.954651,1.3325882,0.12662483,0.16873876,2.374402,403.00
659.185852,1.3429553,0.12585728,0.1690207,2.374402,403.00
659.417053,1.3532188,0.1250069,0.16916168,2.374402,403.00
659.648254,1.3465954,0.12415611,0.16718805,2.374402,403.00
659.879456,1.3821233,0.12331059,0.17043044,2.374402,403.00
660.110657,1.360083,0.1225251,0.1666443,2.374402,403.00
660.341858,1.3662355,0.12173747,0.16632206,2.374402,403.00
660.573120,1.3704122,0.12101376,0.16583873,2.374402,403.00
660.804382,1.3905404,0.12024691,0.16720818,2.374402,403.00
661.035644,1.3896875,0.11948019,0.16604012,2.374402,403.00
661.266907,1.3955371,0.11871961,0.16567762,2.374402,403.00
661.498169,1.4173501,0.11804345,0.16730889,2.374402,403.00
661.729492,1.4104544,0.11727838,0.1654158,2.374402,403.00
661.960754,1.3715476,0.1165379,0.15983728,2.374402,403.00
662.192078,1.4002069,0.11584979,0.16221368,2.374402,403.00
662.423401,1.4094888,0.11517263,0.16233453,2.374402,403.00
662.654724,1.3879278,0.11449507,0.15891088,2.374402,403.00
662.886108,1.4056296,0.11378388,0.15993798,2.374402,403.00
663.117493,1.4049904,0.1130616,0.15885047,2.374402,403.00
663.348816,1.3883379,0.11232888,0.15595043,2.374402,403.00
663.580200,1.4112953,0.11155761,0.15744073,2.374402,403.00
663.811584,1.3979257,0.11083814,0.15494348,2.374402,403.00
664.042969,1.4262411,0.11020502,0.15717893,2.374402,403.00
664.274353,1.3959571,0.10953734,0.15290943,2.374402,403.00
664.505798,1.414351,0.10882474,0.15391638,2.374402,403.00
664.737244,1.3808502,0.10805215,0.14920383,2.374402,403.00
664.968628,1.3915437,0.10725076,0.14924412,2.374402,403.00
665.200073,1.3642493,0.10665077,0.14549824,2.374402,403.00
665.431519,1.3842203,0.10604319,0.14678714,2.374402,403.00
665.663025,1.3963397,0.10548337,0.14729063,2.374402,403.00
665.894470,1.4277022,0.10481661,0.1496469,2.374402,403.00
666.125977,1.3686408,0.10410137,0.14247738,2.374402,403.00
666.357422,1.3922106,0.10346727,0.14404823,2.374402,403.00
666.588928,1.345819,0.1028439,0.13840928,2.374402,403.00
666.820435,1.3836144,0.10229067,0.14153085,2.374402,403.00
667.052002,1.3674524,0.10179127,0.13919471,2.374402,403.00
667.283508,1.3872524,0.101253,0.14046347,2.374402,403.00
667.515076,1.4004922,0.10058339,0.14086626,2.374402,403.00
667.746643,1.3684778,0.099963734,0.13679815,2.374402,403.00
667.978210,1.3405711,0.099280493,0.13309256,2.374402,403.00
668.209778,1.355647,0.098770642,0.13389813,2.374402,403.00
668.441345,1.3567412,0.098215988,0.13325367,2.374402,403.00
668.672913,1.3480545,0.09753421,0.13148144,2.374402,403.00
668.904541,1.3356861,0.096884369,0.12940711,2.374402,403.00
669.136169,1.3721335,0.096248268,0.13206547,2.374402,403.00
669.367798,1.3861568,0.095594184,0.13250853,2.374402,403.00
669.599426,1.3768221,0.095116007,0.13095782,2.374402,403.00
669.831055,1.343747,0.094579644,0.12709112,2.374402,403.00
670.062683,1.3157656,0.093958369,0.12362718,2.374402,403.00
670.294373,1.3615126,0.093434281,0.12721195,2.374402,403.00
670.526062,1.3509754,0.092881028,0.12547999,2.374402,403.00
670.757752,1.3700598,0.092381,0.1265675,2.374402,403.00
670.989441,1.3287034,0.091800611,0.12197578,2.374402,403.00
671.221130,1.3731998,0.091348474,0.12543971,2.374402,403.00
671.452820,1.3958003,0.090879364,0.12684944,2.374402,403.00
671.684570,1.3445038,0.090272418,0.12137161,2.374402,403.00
671.916321,1.3500293,0.089664268,0.12104939,2.374402,403.00
672.148071,1.386031,0.089151521,0.12356677,2.374402,403.00
672.379822,1.339336,0.088605823,0.11867297,2.374402,403.00
672.611572,1.3608973,0.088015913,0.11978062,2.374402,403.00
672.843323,1.3500567,0.087424863,0.11802852,2.374402,403.00
673.075134,1.3762136,0.086933926,0.11963965,2.374402,403.00
673.306946,1.3587745,0.086404484,0.11740421,2.374402,403.00
673.538757,1.3305743,0.085738356,0.11408126,2.374402,403.00
673.770569,1.3548978,0.085269362,0.11553127,2.374402,403.00
674.002380,1.3715156,0.084735462,0.116216,2.374402,403.00
674.234253,1.3539012,0.084186766,0.11398056,2.374402,403.00
674.466125,1.3387741,0.083693884,0.11204721,2.374402,403.00
674.697998,1.3519801,0.083248779,0.11255069,2.374402,403.00
674.929871,1.3624711,0.082785136,0.11279236,2.374402,403.00
675.161743,1.3408519,0.082332583,0.1103958,2.374402,403.00
675.393616,1.358727,0.081783026,0.11112081,2.374402,403.00
675.625488,1.340829,0.081417775,0.10916732,2.374402,403.00
675.857422,1.3272678,0.080975092,0.10747563,2.374402,403.00
676.089356,1.3753651,0.080486186,0.11069789,2.374402,403.00
676.321228,1.3595743,0.080102652,0.10890551,2.374402,403.00
676.553162,1.3585285,0.079675116,0.10824092,2.374402,403.00
676.785156,1.3301504,0.079149295,0.10528047,2.374402,403.00
677.017090,1.3419267,0.078679826,0.10558256,2.374402,403.00
677.249084,1.3008464,0.078238501,0.10177627,2.374402,403.00
677.481018,1.3125705,0.077831179,0.10215891,2.374402,403.00
677.713013,1.3144189,0.07735401,0.10167558,2.374402,403.00
677.945007,1.346217,0.076858306,0.10346796,2.374402,403.00
678.177002,1.3121923,0.076472322,0.10034639,2.374402,403.00
678.409058,1.3739836,0.076067277,0.10451519,2.374402,403.00
678.641052,1.3265289,0.075645839,0.10034639,2.374402,403.00
678.873108,1.3849756,0.075187274,0.10413254,2.374402,403.00
679.105164,1.3319607,0.074762804,0.099581113,2.374402,403.00
679.337219,1.3254071,0.07437274,0.098574156,2.374402,403.00
679.569275,1.3596473,0.073877312,0.10044709,2.374402,403.00
679.801331,1.298249,0.073446546,0.095351902,2.374402,403.00
680.033447,1.36095,0.073066707,0.099440132,2.374402,403.00
680.265564,1.3469075,0.072677169,0.097889427,2.374402,403.00
680.497620,1.3494217,0.072258202,0.097506787,2.374402,403.00
680.729736,1.3713993,0.071834464,0.098513735,2.374402,403.00
680.961914,1.3327113,0.071501968,0.09529148,2.374402,403.00
681.194031,1.3223192,0.071195781,0.094143552,2.374402,403.00
681.426147,1.3341545,0.070866111,0.094546338,2.374402,403.00
681.658325,1.2885268,0.07056221,0.090921298,2.374402,403.00
681.890503,1.3088482,0.070266765,0.09196853,2.374402,403.00
682.122681,1.3573673,0.069965774,0.094969253,2.374402,403.00
682.354858,1.3259147,0.069635725,0.092331032,2.374402,403.00
682.587036,1.3090375,0.069364293,0.090800464,2.374402,403.00
682.819275,1.2709393,0.069114248,0.087840015,2.374402,403.00
683.051453,1.3125585,0.06885601,0.09037754,2.374402,403.00
683.283691,1.3065099,0.068573619,0.089592114,2.374402,403.00
683.515930,1.3144483,0.068312696,0.089793507,2.374402,403.00
683.748169,1.2880123,0.068026126,0.087618485,2.374402,403.00
683.980408,1.3343012,0.067718897,0.090357403,2.374402,403.00
684.212707,1.304251,0.067410775,0.087920574,2.374402,403.00
684.445007,1.3176088,0.067201193,0.088544882,2.374402,403.00
684.677307,1.2903142,0.067030722,0.086490694,2.374402,403.00
684.909607,1.294766,0.066769144,0.086450419,2.374402,403.00
685.141907,1.2968034,0.066508945,0.086249026,2.374402,403.00
685.374268,1.2946812,0.066260195,0.085785827,2.374402,403.00
685.606567,1.3080444,0.066045161,0.086390006,2.374402,403.00
685.838867,1.2565232,0.065852209,0.082744828,2.374402,403.00
686.071228,1.2736814,0.06577149,0.083771923,2.374402,403.00
686.303589,1.2927685,0.065750677,0.085000401,2.374402,403.00
686.535950,1.2822933,0.065675288,0.084214984,2.374402,403.00
686.768310,1.2681706,0.065549124,0.083127468,2.374402,403.00
687.000732,1.3022086,0.065366818,0.085121235,2.374402,403.00
687.233093,1.2683727,0.065332267,0.082865663,2.374402,403.00
687.465515,1.2463441,0.065291253,0.08137537,2.374402,403.00
687.697937,1.3036889,0.065230811,0.085040685,2.374402,403.00
687.930359,1.3093967,0.065131027,0.085282353,2.374402,403.00
688.162781,1.2693119,0.065045932,0.082563573,2.374402,403.00
688.395264,1.2610885,0.064975029,0.081939265,2.374402,403.00
688.627685,1.2650784,0.064929297,0.082140649,2.374402,403.00
688.860168,1.2706495,0.06492991,0.08250316,2.374402,403.00
689.092651,1.2651659,0.064924806,0.082140649,2.374402,403.00
689.325134,1.2682443,0.064926011,0.082342042,2.374402,403.00
689.557617,1.2963538,0.06494742,0.084194837,2.374402,403.00
689.790100,1.2635981,0.064957548,0.082080236,2.374402,403.00
690.022644,1.29896,0.064972157,0.084396231,2.374402,403.00
690.255127,1.2276927,0.065020061,0.079824655,2.374402,403.00
690.487671,1.264861,0.065067835,0.082301767,2.374402,403.00
690.720215,1.2482539,0.065126824,0.08129481,2.374402,403.00
690.952759,1.2561148,0.065055943,0.081717734,2.374402,403.00
691.185364,1.2494139,0.06505024,0.081274673,2.374402,403.00
691.417908,1.2590786,0.06520671,0.082100374,2.374402,403.00
691.650513,1.2724666,0.065264508,0.083046909,2.374402,403.00
691.883057,1.2592389,0.065278378,0.082201071,2.374402,403.00
692.115662,1.2839086,0.065388741,0.083953169,2.374402,403.00
692.348267,1.2682801,0.065479943,0.083046909,2.374402,403.00
692.580933,1.2670456,0.065655008,0.08318789,2.374402,403.00
692.813538,1.2734882,0.065718209,0.083691364,2.374402,403.00
693.046204,1.2753192,0.065923891,0.084074003,2.374402,403.00
693.278809,1.2746382,0.06622771,0.084416368,2.374402,403.00
693.511475,1.2314684,0.066341609,0.081697597,2.374402,403.00
693.744202,1.2775034,0.066410227,0.084839292,2.374402,403.00
693.976929,1.2676394,0.066529815,0.084335818,2.374402,403.00
694.209595,1.2236822,0.066763737,0.081697597,2.374402,403.00
694.442322,1.2849669,0.066917848,0.08598722,2.374402,403.00
694.674988,1.2732479,0.0671067,0.085443462,2.374402,403.00
694.907715,1.3039276,0.067288491,0.087739319,2.374402,403.00
695.140442,1.2610796,0.067482733,0.085101098,2.374402,403.00
695.373169,1.2612404,0.067585908,0.085242078,2.374402,403.00
695.605957,1.291583,0.067838057,0.087618485,2.374402,403.00
695.838684,1.2861465,0.068218762,0.087739319,2.374402,403.00
696.071472,1.2675669,0.068567283,0.086913618,2.374402,403.00
696.304260,1.2607416,0.068826668,0.086772646,2.374402,403.00
696.537048,1.2183909,0.069219015,0.084335818,2.374402,403.00
696.769836,1.2588851,0.069616062,0.087638622,2.374402,403.00
697.002625,1.2352964,0.070016144,0.086490694,2.374402,403.00
697.235474,1.2206543,0.070410554,0.085946945,2.374402,403.00
697.468262,1.2636111,0.070774153,0.089431005,2.374402,403.00
697.701111,1.2829994,0.071180145,0.091324084,2.374402,403.00
697.933960,1.2921471,0.071564619,0.092472012,2.374402,403.00
698.166809,1.2483013,0.071964832,0.089833791,2.374402,403.00
698.399719,1.2342439,0.072409184,0.089370592,2.374402,403.00
698.632568,1.216016,0.072898368,0.088645579,2.374402,403.00
698.865478,1.2696163,0.073326341,0.09309632,2.374402,403.00
699.098328,1.2385393,0.073767833,0.091364359,2.374402,403.00
699.331238,1.2372854,0.074135573,0.091726861,2.374402,403.00
699.564148,1.2564944,0.074637059,0.09378105,2.374402,403.00
699.797119,1.2216009,0.075169852,0.091827558,2.374402,403.00
700.030029,1.2549825,0.07565772,0.094949116,2.374402,403.00
700.263000,1.2514664,0.076095584,0.095231068,2.374402,403.00
700.495911,1.2779712,0.07661328,0.097909564,2.374402,403.00
700.728882,1.2317537,0.077215299,0.095110234,2.374402,403.00
700.961853,1.2353887,0.077770587,0.096076906,2.374402,403.00
701.194824,1.2092436,0.078252955,0.094626888,2.374402,403.00
701.427856,1.2844473,0.078814069,0.10123251,2.374402,403.00
701.660828,1.2078109,0.079479619,0.095996347,2.374402,403.00
701.893860,1.2277,0.080127687,0.098372763,2.374402,403.00
702.126892,1.2392765,0.080776749,0.10010472,2.374402,403.00
702.359985,1.2227127,0.081475709,0.099621388,2.374402,403.00
702.593018,1.2165717,0.082085628,0.099863056,2.374402,403.00
702.826050,1.259434,0.082682013,0.10413254,2.374402,403.00
703.059143,1.2203458,0.083267506,0.10161515,2.374402,403.00
703.292175,1.2670482,0.084060697,0.10650896,2.374402,403.00
703.525269,1.2372713,0.08486298,0.10499853,2.374402,403.00
703.758362,1.2548698,0.085727085,0.10757633,2.374402,403.00
703.991455,1.2406919,0.086593096,0.10743535,2.374402,403.00
704.224548,1.244093,0.087440954,0.10878468,2.374402,403.00
704.457703,1.2173118,0.088322409,0.10751591,2.374402,403.00
704.690796,1.2738145,0.089258378,0.11369862,2.374402,403.00
704.923950,1.2174676,0.090279583,0.10991247,2.374402,403.00
705.157104,1.1926196,0.091434421,0.10904648,2.374402,403.00
705.390259,1.2246311,0.09236625,0.11311458,2.374402,403.00
705.623413,1.2443072,0.093365785,0.11617572,2.374402,403.00
705.856628,1.205077,0.094366381,0.11371875,2.374402,403.00
706.089783,1.2384884,0.095365506,0.11810907,2.374402,403.00
706.322998,1.1882259,0.096382613,0.11452432,2.374402,403.00
706.556213,1.2415576,0.097384455,0.12090841,2.374402,403.00
706.789429,1.2332745,0.098561075,0.12155286,2.374402,403.00
707.022644,1.2070051,0.099655,0.1202841,2.374402,403.00
707.255859,1.2333532,0.10069384,0.12419108,2.374402,403.00
707.489136,1.2098145,0.10172079,0.12306329,2.374402,403.00
707.722351,1.252737,0.10281722,0.12880293,2.374402,403.00
707.955627,1.2154852,0.10396351,0.1263661,2.374402,403.00
708.188904,1.2169089,0.10516582,0.12797723,2.374402,403.00
708.422180,1.2340789,0.10636266,0.13125991,2.374402,403.00
708.655518,1.2050273,0.10765677,0.12972934,2.374402,403.00
708.888794,1.234817,0.10892488,0.1345023,2.374402,403.00
709.122131,1.1984834,0.11031145,0.13220644,2.374402,403.00
709.355408,1.224176,0.11169778,0.13673774,2.374402,403.00
709.588745,1.1952173,0.1130224,0.13508633,2.374402,403.00
709.822082,1.2141011,0.11443273,0.1389329,2.374402,403.00
710.055420,1.2137371,0.11591061,0.140685,2.374402,403.00
710.288879,1.2086614,0.11744709,0.14195376,2.374402,403.00
710.522217,1.2109891,0.11903404,0.14414892,2.374402,403.00
710.755615,1.1784425,0.12059552,0.14211488,2.374402,403.00
710.989014,1.1958589,0.12208943,0.14600173,2.374402,403.00
711.222412,1.2098966,0.12371898,0.14968718,2.374402,403.00
711.455810,1.1970425,0.12524939,0.14992885,2.374402,403.00
711.689209,1.1815621,0.12695854,0.1500094,2.374402,403.00
711.922668,1.1917244,0.12874877,0.15343304,2.374402,403.00
712.156067,1.2347953,0.13052079,0.16116646,2.374402,403.00
712.389526,1.1753972,0.13237052,0.15558794,2.374402,403.00
712.622986,1.19151,0.13416373,0.15985742,2.374402,403.00
712.856445,1.1819222,0.1360018,0.16074354,2.374402,403.00
713.089966,1.192749,0.1379247,0.16450954,2.374402,403.00
713.323425,1.1973972,0.13981123,0.16740958,2.374402,403.00
713.556946,1.1791835,0.14179997,0.16720818,2.374402,403.00
713.790405,1.1876485,0.14382462,0.17081309,2.374402,403.00
714.023926,1.2021985,0.14595362,0.17546521,2.374402,403.00
714.257446,1.1952007,0.14810561,0.17701593,2.374402,403.00
714.490967,1.18595,0.15029673,0.17824441,2.374402,403.00
714.724548,1.174494,0.15250005,0.17911039,2.374402,403.00
714.958069,1.1982561,0.1547701,0.18545421,2.374402,403.00
715.191650,1.1686489,0.157054,0.18354099,2.374402,403.00
715.425232,1.1741641,0.15942079,0.18718616,2.374402,403.00
715.658813,1.1833761,0.16173662,0.19139525,2.374402,403.00
715.892395,1.1663226,0.16411874,0.19141538,2.374402,403.00
716.125977,1.1645663,0.16651061,0.19391263,2.374402,403.00
716.359619,1.2021585,0.16884232,0.20297522,2.374402,403.00
716.593201,1.1800203,0.17129314,0.20212939,2.374402,403.00
716.826843,1.1700057,0.17375766,0.20329745,2.374402,403.00
717.060486,1.1671484,0.17630538,0.20577455,2.374402,403.00
717.294128,1.1540762,0.17884335,0.20639886,2.374402,403.00
717.527771,1.1786752,0.18148406,0.21391075,2.374402,403.00
717.761475,1.1558008,0.18432655,0.21304476,2.374402,403.00
717.995178,1.1667057,0.1871262,0.21832121,2.374402,403.00
718.228882,1.1821311,0.18991456,0.22450391,2.374402,403.00
718.462585,1.1576007,0.19291255,0.22331571,2.374402,403.00
718.696289,1.1566586,0.1958381,0.22651782,2.374402,403.00
718.929993,1.1532235,0.19881391,0.22927688,2.374402,403.00
719.163696,1.148947,0.20188519,0.23195538,2.374402,403.00
719.397461,1.1611861,0.20504706,0.23809779,2.374402,403.00
719.631165,1.1400051,0.20820314,0.23735265,2.374402,403.00
719.864929,1.1475515,0.21144954,0.24264923,2.374402,403.00
720.098694,1.1425681,0.21475133,0.24536801,2.374402,403.00
720.332459,1.1534049,0.21818133,0.25165142,2.374402,403.00
720.566223,1.1481797,0.22141936,0.25422922,2.374402,403.00
720.800049,1.1356043,0.22488216,0.25537715,2.374402,403.00
721.033813,1.1297985,0.22835507,0.25799522,2.374402,403.00
721.267639,1.1417988,0.23188145,0.26476197,2.374402,403.00
721.501465,1.1378629,0.23547999,0.26794395,2.374402,403.00
721.735291,1.1250956,0.23913663,0.26905158,2.374402,403.00
721.969116,1.11939,0.24289229,0.27189121,2.374402,403.00
722.203003,1.1155777,0.24664686,0.27515373,2.374402,403.00
722.436829,1.1179945,0.25052701,0.28008782,2.374402,403.00
722.670715,1.1031837,0.25452941,0.28079269,2.374402,403.00
722.904541,1.1123357,0.25855477,0.28759969,2.374402,403.00
723.138428,1.1221902,0.26261928,0.29470879,2.374402,403.00
723.372375,1.1061714,0.26669546,0.29501089,2.374402,403.00
723.606262,1.1014171,0.27077221,0.29823314,2.374402,403.00
723.840149,1.1035053,0.27504135,0.30350959,2.374402,403.00
724.074097,1.0979506,0.27934927,0.30671168,2.374402,403.00
724.308044,1.1079088,0.28369133,0.31430412,2.374402,403.00
724.541931,1.1012385,0.28811626,0.31728472,2.374402,403.00
724.775940,1.1145703,0.29265645,0.32618619,2.374402,403.00
725.009888,1.0826787,0.29722196,0.32179589,2.374402,403.00
725.243897,1.0938865,0.30198275,0.33033484,2.374402,403.00
725.477905,1.0910215,0.30672596,0.33464463,2.374402,403.00
725.711853,1.0953783,0.31155482,0.34127039,2.374402,403.00
725.945862,1.088196,0.31640568,0.34431139,2.374402,403.00
726.179871,1.0849102,0.32137352,0.34866142,2.374402,403.00
726.413879,1.0693859,0.32643441,0.34908436,2.374402,403.00
726.647888,1.0800468,0.33150993,0.35804626,2.374402,403.00
726.881958,1.0815611,0.33665052,0.3641081,2.374402,403.00
727.115967,1.0815107,0.34193603,0.36980746,2.374402,403.00
727.350037,1.0778434,0.34730351,0.37433878,2.374402,403.00
727.584106,1.0812311,0.35282758,0.38148816,2.374402,403.00
727.818176,1.079325,0.358414,0.38684517,2.374402,403.00
728.052246,1.0679914,0.3640843,0.38883891,2.374402,403.00
728.286377,1.0776665,0.36982313,0.39854598,2.374402,403.00
728.520447,1.0792663,0.37563797,0.4054134,2.374402,403.00
728.754578,1.0697415,0.38161823,0.40823286,2.374402,403.00
728.988709,1.0813924,0.38778672,0.41934964,2.374402,403.00
729.222839,1.0689237,0.39387397,0.42102121,2.374402,403.00
729.456970,1.0733813,0.40013718,0.42949977,2.374402,403.00
729.691101,1.0755489,0.40648351,0.43719288,2.374402,403.00
729.925293,1.077639,0.41294612,0.44500684,2.374402,403.00
730.159424,1.0600807,0.41951988,0.44472492,2.374402,403.00
730.393616,1.0703342,0.42615069,0.45612365,2.374402,403.00
730.627808,1.0584017,0.43289595,0.45817782,2.374402,403.00
730.862000,1.0712317,0.439668,0.47098629,2.374402,403.00
731.096191,1.0605327,0.44649622,0.47352383,2.374402,403.00
731.330383,1.064908,0.4534745,0.48290863,2.374402,403.00
731.564636,1.0716221,0.46055607,0.49354207,2.374402,403.00
731.798889,1.0676017,0.46783642,0.49946296,2.374402,403.00
732.033081,1.063422,0.47505362,0.50518249,2.374402,403.00
732.267395,1.0655186,0.4823974,0.5140034,2.374402,403.00
732.501648,1.0612692,0.4898511,0.51986387,2.374402,403.00
732.735962,1.0609275,0.49739305,0.52769799,2.374402,403.00
732.970215,1.069068,0.50502146,0.53990226,2.374402,403.00
733.204529,1.0519897,0.51281808,0.53947935,2.374402,403.00
733.438782,1.0703857,0.52065573,0.55730244,2.374402,403.00
733.673096,1.0576583,0.5285967,0.55907468,2.374402,403.00
733.907410,1.0543191,0.53663164,0.565781,2.374402,403.00
734.141785,1.0534314,0.54475001,0.57385677,2.374402,403.00
734.376099,1.0532154,0.55312224,0.58255686,2.374402,403.00
734.610413,1.0589284,0.56158716,0.59468062,2.374402,403.00
734.844788,1.0556356,0.5701687,0.60189039,2.374402,403.00
735.079163,1.0559068,0.57879575,0.61115436,2.374402,403.00
735.313538,1.0533359,0.58751204,0.6188475,2.374402,403.00
735.547913,1.0607528,0.59646622,0.63270319,2.374402,403.00
735.782288,1.0671395,0.60554074,0.64619644,2.374402,403.00
736.016724,1.046981,0.61462217,0.64349776,2.374402,403.00
736.251099,1.0541225,0.62386998,0.65763541,2.374402,403.00
736.485535,1.0435027,0.6332299,0.66077708,2.374402,403.00
736.719971,1.0538663,0.64259632,0.67721059,2.374402,403.00
736.954407,1.0438863,0.65205809,0.68067453,2.374402,403.00
737.188843,1.0525064,0.66179563,0.69654411,2.374402,403.00
737.423279,1.0388333,0.67163055,0.6977122,2.374402,403.00
737.657776,1.0440698,0.68157146,0.7116082,2.374402,403.00
737.892212,1.042577,0.69160688,0.72105339,2.374402,403.00
738.126709,1.0349942,0.70171354,0.72626946,2.374402,403.00
738.361206,1.0335581,0.71192454,0.7358154,2.374402,403.00
738.595703,1.0313428,0.72210422,0.74473698,2.374402,403.00
738.830261,1.0353672,0.73254367,0.75845169,2.374402,403.00
739.064819,1.0342913,0.74300246,0.768481,2.374402,403.00
739.299316,1.0322254,0.75346431,0.77774498,2.374402,403.00
739.533875,1.0271389,0.76403834,0.78477353,2.374402,403.00
739.768433,1.032836,0.77466259,0.80009938,2.374402,403.00
740.002991,1.020422,0.78531042,0.80134801,2.374402,403.00
740.237549,1.0323781,0.79595715,0.82172876,2.374402,403.00
740.472107,1.0241714,0.8066219,0.82611906,2.374402,403.00
740.706726,1.0271853,0.81727362,0.83949145,2.374402,403.00
740.941284,1.0173283,0.82780538,0.84214982,2.374402,403.00
741.175903,1.0212245,0.83821478,0.85600551,2.374402,403.00
741.410522,1.0180447,0.8484886,0.86379932,2.374402,403.00
741.645142,1.0143562,0.85882066,0.87115007,2.374402,403.00
741.879761,1.0211158,0.86907135,0.88742248,2.374402,403.00
742.114441,1.0121769,0.87919373,0.88989963,2.374402,403.00
742.349060,1.0192443,0.8892799,0.90639349,2.374402,403.00
742.583740,1.0024949,0.89919583,0.90143927,2.374402,403.00
742.818420,1.0096756,0.9088376,0.91763113,2.374402,403.00
743.053101,1.0179055,0.91822747,0.93466879,2.374402,403.00
743.287781,1.0127057,0.92731719,0.93909941,2.374402,403.00
743.522461,1.0012816,0.93600667,0.9372063,2.374402,403.00
743.757141,1.0005097,0.94413626,0.94461748,2.374402,403.00
743.991882,0.99410529,0.95179897,0.94618839,2.374402,403.00
744.226623,1.0009877,0.95893582,0.95988298,2.374402,403.00
744.461365,0.99923614,0.96557469,0.96483713,2.374402,403.00
744.696106,0.99907386,0.97181923,0.9709192,2.374402,403.00
744.930847,1.0017109,0.97770485,0.9793776,2.374402,403.00
745.165588,1.0032917,0.98316982,0.98640615,2.374402,403.00
745.400452,0.98484717,0.98782082,0.97285254,2.374402,403.00
745.635193,0.99987156,0.9918704,0.99174301,2.374402,403.00
745.869995,0.99780014,0.9951405,0.99295133,2.374402,403.00
746.104797,0.99168304,0.99758291,0.98928605,2.374402,403.00
746.339600,0.99681661,0.99919327,0.99601245,2.374402,403.00
746.574402,1,1,1,2.374402,403.00
746.809204,0.99888837,0.99974192,0.99863058,2.374402,403.00
747.044067,0.99863535,0.9985029,0.99714029,2.374402,403.00
747.278931,0.9947452,0.99621257,0.99097767,2.374402,403.00
747.513794,1.0067461,0.99301915,0.99971811,2.374402,403.00
747.748596,1.0068038,0.98896157,0.99569025,2.374402,403.00
747.983521,1.0033847,0.9842629,0.98759436,2.374402,403.00
748.218384,1.0006953,0.97865683,0.97933729,2.374402,403.00
748.453247,1.0032051,0.97215335,0.97526919,2.374402,403.00
748.688171,1.0156753,0.96481763,0.97994145,2.374402,403.00
748.923096,1.0103734,0.95666538,0.96658926,2.374402,403.00
749.157959,1.0184879,0.94785708,0.96538093,2.374402,403.00
749.392883,1.0121721,0.93823202,0.94965226,2.374402,403.00
749.627869,1.0184589,0.92799127,0.94512097,2.374402,403.00
749.862793,1.0199029,0.91698207,0.93523272,2.374402,403.00
750.097717,1.0230735,0.90532142,0.92621039,2.374402,403.00
750.332703,1.0191337,0.89309148,0.91017963,2.374402,403.00
750.567688,1.0229822,0.88038052,0.90061358,2.374402,403.00
750.802673,1.032607,0.8672598,0.89553856,2.374402,403.00
751.037659,1.0293077,0.85389802,0.87892376,2.374402,403.00
751.272644,1.0320953,0.84011816,0.86708197,2.374402,403.00
751.507690,1.0165229,0.82600457,0.83965255,2.374402,403.00
751.742737,1.0194053,0.81171675,0.82746837,2.374402,403.00
751.977783,1.0219364,0.7972911,0.81478076,2.374402,403.00
752.212769,1.0275953,0.78284655,0.80444944,2.374402,403.00
752.447815,1.0201187,0.76801301,0.78346446,2.374402,403.00
752.682861,1.0237117,0.75308114,0.77093796,2.374402,403.00
752.917969,1.0215532,0.73815186,0.75406139,2.374402,403.00
753.153015,1.0280701,0.7231297,0.74342799,2.374402,403.00
753.388123,1.0199265,0.70809156,0.72220136,2.374402,403.00
753.623169,1.0304681,0.69314766,0.71426657,2.374402,403.00
753.858276,1.0261919,0.6783146,0.69608093,2.374402,403.00
754.093384,1.0305584,0.66353953,0.68381627,2.374402,403.00
754.328491,1.0310524,0.64884565,0.66899384,2.374402,403.00
754.563660,1.0392045,0.6344537,0.65932711,2.374402,403.00
754.798767,1.0316476,0.62016545,0.63979217,2.374402,403.00
755.033935,1.0195984,0.60608312,0.61796138,2.374402,403.00
755.269104,1.0323303,0.59197538,0.61111412,2.374402,403.00
755.504211,1.0315845,0.57803478,0.59629172,2.374402,403.00
755.739380,1.0277608,0.56435246,0.58001935,2.374402,403.00
755.974609,1.0245253,0.55095953,0.56447197,2.374402,403.00
756.209778,1.0395537,0.53776388,0.55903441,2.374402,403.00
756.444946,1.0241726,0.5247998,0.53748558,2.374402,403.00
756.680176,1.0219704,0.511959,0.52320695,2.374402,403.00
756.915405,1.0383931,0.49920748,0.51837358,2.374402,403.00
757.150635,1.0284955,0.48670182,0.50057062,2.374402,403.00
757.385864,1.0327631,0.47441404,0.4899573,2.374402,403.00
757.621155,1.0255373,0.46240007,0.47420854,2.374402,403.00
757.856445,1.0233011,0.45048047,0.46097717,2.374402,403.00
758.091675,1.0241772,0.43861155,0.44921593,2.374402,403.00
758.326965,1.021251,0.42693195,0.43600467,2.374402,403.00
758.562256,1.0232764,0.41540015,0.42506916,2.374402,403.00
758.797546,1.0394935,0.40403727,0.41999411,2.374402,403.00
759.032837,1.0236003,0.39315425,0.40243283,2.374402,403.00
759.268127,1.0338624,0.38247295,0.3954244,2.374402,403.00
759.503418,1.0298062,0.3719915,0.38307915,2.374402,403.00
759.738769,1.0473743,0.36167554,0.37880967,2.374402,403.00
759.974121,1.0329625,0.35155335,0.36314142,2.374402,403.00
760.209412,1.031872,0.34185411,0.35274968,2.374402,403.00
760.444763,1.0189836,0.33230371,0.33861203,2.374402,403.00
760.680176,1.0255123,0.32296135,0.33120084,2.374402,403.00
760.915527,1.0199017,0.31383814,0.32008404,2.374402,403.00
761.150879,1.0320369,0.30482059,0.31458608,2.374402,403.00
761.386291,1.0260669,0.29617192,0.30389222,2.374402,403.00
761.621704,1.0307548,0.28767396,0.29652131,2.374402,403.00
761.857117,1.026617,0.27953502,0.28697539,2.374402,403.00
762.092529,1.0286778,0.2716921,0.27948364,2.374402,403.00
762.327942,1.0136497,0.26401794,0.26762171,2.374402,403.00
762.563354,1.0352244,0.25653135,0.26556752,2.374402,403.00
762.798828,1.0251863,0.24910315,0.25537715,2.374402,403.00
763.034241,1.0288513,0.24189326,0.24887221,2.374402,403.00
763.269714,1.0267552,0.23491405,0.24119922,2.374402,403.00
763.505249,1.0006969,0.22805057,0.2282095,2.374402,403.00
763.740723,1.0337674,0.22141754,0.22889423,2.374402,403.00
763.976196,1.0276385,0.2150559,0.22099971,2.374402,403.00
764.211731,1.0014493,0.20883511,0.20913778,2.374402,403.00
764.447205,1.0278835,0.20279832,0.20845305,2.374402,403.00
764.682739,1.0356784,0.19697458,0.20400232,2.374402,403.00
764.918213,1.0162048,0.19137532,0.19447652,2.374402,403.00
765.153748,1.0241132,0.18612182,0.19060981,2.374402,403.00
765.389343,1.0182677,0.1807625,0.18406461,2.374402,403.00
765.624878,1.007233,0.17566479,0.17693538,2.374402,403.00
765.860413,0.99354349,0.17082853,0.16972557,2.374402,403.00
766.096008,1.0121449,0.16597784,0.16799362,2.374402,403.00
766.331543,1.0336931,0.16132943,0.16676512,2.374402,403.00
766.567139,1.0106242,0.15672222,0.15838727,2.374402,403.00
766.802734,1.0380446,0.15244653,0.15824629,2.374402,403.00
767.038330,1.0045911,0.14828139,0.14896217,2.374402,403.00
767.273987,1.0086999,0.14414352,0.14539755,2.374402,403.00
767.509582,1.0031443,0.14018381,0.14062459,2.374402,403.00
767.745178,1.0127635,0.13644622,0.13818775,2.374402,403.00
767.980835,1.0172522,0.13269633,0.13498563,2.374402,403.00
768.216492,1.0089647,0.12915553,0.13031337,2.374402,403.00
768.452148,0.97782932,0.12577117,0.12298274,2.374402,403.00
768.687805,1.0007617,0.12252691,0.12262024,2.374402,403.00
768.923462,1.0242114,0.11928902,0.12217718,2.374402,403.00
769.159241,1.0164845,0.11601537,0.11792783,2.374402,403.00
769.394897,0.99693604,0.1128966,0.11255069,2.374402,403.00
769.630615,0.9811078,0.11001731,0.10793884,2.374402,403.00
769.866333,1.0076245,0.10712209,0.10793884,2.374402,403.00
770.102051,1.0272732,0.10432818,0.10717355,2.374402,403.00
770.337769,1.0042962,0.10160158,0.10203808,2.374402,403.00
770.573547,1.0110021,0.098855995,0.099943615,2.374402,403.00
770.809265,0.97887442,0.096257609,0.094224111,2.374402,403.00
771.045044,0.98586838,0.093858802,0.092532425,2.374402,403.00
771.280762,0.97857638,0.091615266,0.089652536,2.374402,403.00
771.516541,0.9822952,0.089464246,0.087880299,2.374402,403.00
771.752319,0.98563179,0.08717942,0.085926808,2.374402,403.00
771.988098,1.0020337,0.084948475,0.085121235,2.374402,403.00
772.223938,0.96434037,0.082839088,0.079885076,2.374402,403.00
772.459717,0.99826134,0.080770651,0.080630219,2.374402,403.00
772.695557,0.97653123,0.078897079,0.077045462,2.374402,403.00
772.931397,0.98702389,0.077140181,0.076139202,2.374402,403.00
773.167175,0.98228569,0.075257031,0.073923905,2.374402,403.00
773.403076,1.0167386,0.073320926,0.074548217,2.374402,403.00
773.638916,1.0067175,0.071570192,0.072050967,2.374402,403.00
773.874756,0.97506367,0.069824739,0.068083567,2.374402,403.00
774.110657,1.0040711,0.068248774,0.068526623,2.374402,403.00
774.346497,0.98511378,0.066659179,0.065666876,2.374402,403.00
774.582459,0.96368856,0.065236367,0.062867541,2.374402,403.00
774.818359,0.9799616,0.063762598,0.062484897,2.374402,403.00
775.054260,0.89463668,0.062145146,0.055597327,2.374402,403.00
775.290161,1.0151413,0.06073952,0.061659196,2.374402,403.00
775.526062,0.93467675,0.059482947,0.055597327,2.374402,403.00
775.762024,0.97685951,0.058171937,0.05682581,2.374402,403.00
775.997986,0.98880548,0.057041442,0.056402891,2.374402,403.00
776.233887,0.99081619,0.055929724,0.055416076,2.374402,403.00
776.469849,0.96451471,0.054949276,0.052999385,2.374402,403.00
776.705810,0.98524365,0.053854498,0.053059803,2.374402,403.00
776.941834,0.9836066,0.05277707,0.051911874,2.374402,403.00
777.177795,0.96474002,0.051784296,0.049958382,2.374402,403.00
777.413757,0.99288885,0.050802987,0.050441719,2.374402,403.00
777.649780,0.94801913,0.049808557,0.047219465,2.374402,403.00
777.885803,0.9500074,0.048898752,0.046454176,2.374402,403.00
778.121826,0.95172239,0.047921892,0.045608338,2.374402,403.00
778.357849,0.90876699,0.046995882,0.042708306,2.374402,403.00
778.593872,0.9234944,0.046028343,0.042506917,2.374402,403.00
778.829895,0.95945023,0.045268961,0.043433315,2.374402,403.00
779.065979,0.99748162,0.044491898,0.04437985,2.374402,403.00
779.302063,0.94188789,0.043718296,0.041177734,2.374402,403.00
779.538086,0.92233234,0.043029436,0.039687441,2.374402,403.00
779.774170,0.92451635,0.042383206,0.039183967,2.374402,403.00
780.010315,0.97148205,0.041888985,0.040694397,2.374402,403.00
780.246460,0.89211859,0.041394032,0.036928385,2.374402,403.00
780.482544,1.0049403,0.040955265,0.041157596,2.374402,403.00
780.718689,0.91728376,0.040499917,0.037149916,2.374402,403.00
780.954773,0.91857247,0.039938838,0.036686717,2.374402,403.00
781.190918,0.9504168,0.039384682,0.037431864,2.374402,403.00
781.427063,0.94350917,0.039118059,0.036908248,2.374402,403.00
781.663208,0.89616748,0.03880246,0.034773503,2.374402,403.00
781.899353,0.9242542,0.038451315,0.035538789,2.374402,403.00
782.135559,0.91126743,0.038026892,0.034652668,2.374402,403.00
782.371704,0.8912184,0.037639503,0.033545017,2.374402,403.00
782.607910,0.87712259,0.03711933,0.032558203,2.374402,403.00
782.844116,0.83029653,0.036811465,0.030564431,2.374402,403.00
783.080322,0.90465949,0.036568255,0.033081819,2.374402,403.00
783.316528,0.90190375,0.036322716,0.032759594,2.374402,403.00
783.552734,0.89356082,0.036030785,0.032195698,2.374402,403.00
783.788940,0.92388706,0.035676422,0.032960985,2.374402,403.00
784.025207,0.87782584,0.035437767,0.031108187,2.374402,403.00
784.261475,0.886581,0.035224106,0.031229023,2.374402,403.00
784.497681,0.90973709,0.035035917,0.031873473,2.374402,403.00
784.733948,0.91977745,0.034872418,0.032074864,2.374402,403.00
784.970215,0.88836508,0.034541281,0.030685268,2.374402,403.00
785.206543,0.85441622,0.034310923,0.029315809,2.374402,403.00
785.442871,0.86409492,0.034089754,0.029456783,2.374402,403.00
785.679138,0.87637313,0.033979827,0.029779008,2.374402,403.00
785.915466,0.87782606,0.033923586,0.029779008,2.374402,403.00
786.151794,0.85825692,0.033805404,0.029013721,2.374402,403.00
786.388123,0.83891398,0.033720638,0.028288715,2.374402,403.00
786.624451,0.87171102,0.033653296,0.029335949,2.374402,403.00
786.860779,0.91369352,0.033605804,0.030705405,2.374402,403.00
787.097168,0.84077526,0.033765755,0.028389411,2.374402,403.00
787.333496,0.86345967,0.033881596,0.029255392,2.374402,403.00
787.569885,0.89713098,0.0338895,0.03040332,2.374402,403.00
787.806274,0.8278044,0.034027218,0.028167881,2.374402,403.00
788.042664,0.82797689,0.03404445,0.028188018,2.374402,403.00
788.279053,0.79907249,0.034192189,0.027322038,2.374402,403.00
788.515442,0.85926431,0.03437515,0.02953734,2.374402,403.00
788.751831,0.79074251,0.034501446,0.02728176,2.374402,403.00
788.988281,0.86743762,0.034608455,0.030020676,2.374402,403.00
789.224670,0.86913881,0.0347956,0.030242207,2.374402,403.00
789.461121,0.87135111,0.035077056,0.030564431,2.374402,403.00
789.697571,0.76136688,0.035330035,0.026899118,2.374402,403.00
789.934021,0.89800365,0.035605835,0.03197417,2.374402,403.00
790.170471,0.77435338,0.03585585,0.027765099,2.374402,403.00
790.406982,0.79456343,0.036008377,0.02861094,2.374402,403.00
790.643494,0.7678701,0.036158588,0.027765099,2.374402,403.00
790.880005,0.76943856,0.03637279,0.027986627,2.374402,403.00
791.116516,0.79638459,0.036659392,0.029194975,2.374402,403.00
791.353027,0.77204464,0.036928235,0.028510245,2.374402,403.00
791.589539,0.80003885,0.037146434,0.029718591,2.374402,403.00
791.826050,0.8007211,0.03749205,0.030020676,2.374402,403.00
792.062561,0.8277838,0.037726063,0.031229023,2.374402,403.00
792.299133,0.73586391,0.03805971,0.028006767,2.374402,403.00
792.535644,0.73127865,0.038408511,0.028087324,2.374402,403.00
792.772217,0.7288676,0.03875661,0.028248437,2.374402,403.00
793.008789,0.7438268,0.039087242,0.029074138,2.374402,403.00
793.245361,0.76109258,0.039497108,0.030060955,2.374402,403.00
793.481934,0.72221276,0.039894519,0.028812331,2.374402,403.00
793.718567,0.74439601,0.040274798,0.029980399,2.374402,403.00
793.955139,0.75220924,0.040632885,0.030564431,2.374402,403.00
794.191772,0.71849108,0.041082208,0.0295172,2.374402,403.00
794.428345,0.68998571,0.041524366,0.028651219,2.374402,403.00
794.664978,0.7325839,0.041996312,0.030765822,2.374402,403.00
794.901611,0.6778815,0.042503492,0.028812331,2.374402,403.00
795.138306,0.75488781,0.043103177,0.032538063,2.374402,403.00
795.374939,0.72349163,0.04355402,0.031510969,2.374402,403.00
795.611633,0.7179996,0.043971317,0.031571388,2.374402,403.00
795.848328,0.72332671,0.044427063,0.032135281,2.374402,403.00
796.085022,0.73449076,0.044985646,0.033041541,2.374402,403.00
796.321716,0.71345137,0.045521877,0.032477646,2.374402,403.00
796.558411,0.68617637,0.0460693,0.031611665,2.374402,403.00
796.795105,0.69977045,0.046469418,0.032517926,2.374402,403.00
797.031799,0.70664824,0.046929114,0.033162375,2.374402,403.00
797.268555,0.69535956,0.047430317,0.032981124,2.374402,403.00
797.505249,0.72338227,0.047959353,0.034692946,2.374402,403.00
797.742004,0.70019689,0.048598268,0.034028356,2.374402,403.00
797.978760,0.67539501,0.049100712,0.033162375,2.374402,403.00
798.215515,0.69550218,0.04962126,0.034511695,2.374402,403.00
798.452271,0.71327059,0.050050994,0.035699902,2.374402,403.00
798.689026,0.72114071,0.050649759,0.036525603,2.374402,403.00
798.925842,0.72954348,0.051363821,0.037472141,2.374402,403.00
799.162598,0.70590817,0.052056536,0.036747134,2.374402,403.00
799.399414,0.70266652,0.052783928,0.037089499,2.374402,403.00
799.636231,0.66861216,0.053333794,0.035659623,2.374402,403.00
799.873047,0.71448483,0.053968471,0.038559654,2.374402,403.00
800.109863,0.7157362,0.054718239,0.039163825,2.374402,403.00
800.346680,0.70904923,0.055347897,0.039244384,2.374402,403.00
800.583618,0.68502562,0.055995368,0.038358261,2.374402,403.00
800.820435,0.71459388,0.056722125,0.040533284,2.374402,403.00
801.057312,0.66018386,0.057431273,0.0379152,2.374402,403.00
801.294190,0.68273882,0.058247749,0.039768,2.374402,403.00
801.531067,0.66228184,0.058921823,0.039022853,2.374402,403.00
801.767944,0.69913487,0.059704688,0.041741629,2.374402,403.00
802.004822,0.65302454,0.060620614,0.039586749,2.374402,403.00
802.241699,0.69479154,0.061411264,0.042668027,2.374402,403.00
802.478638,0.63911613,0.062223432,0.039768,2.374402,403.00
802.715515,0.6318718,0.063128049,0.039888834,2.374402,403.00
802.952454,0.67330351,0.06396938,0.043070808,2.374402,403.00
803.189392,0.69167078,0.064832938,0.044843049,2.374402,403.00
803.426331,0.65128797,0.06557515,0.042708306,2.374402,403.00
803.663269,0.61260474,0.066461345,0.040714535,2.374402,403.00
803.900269,0.65355497,0.067350643,0.044017348,2.374402,403.00
804.137207,0.61710077,0.068196307,0.042083994,2.374402,403.00
804.374207,0.66015758,0.069026032,0.045568058,2.374402,403.00
804.611206,0.63291815,0.070023957,0.044319433,2.374402,403.00
804.848206,0.67547981,0.071067833,0.048004886,2.374402,403.00
805.085205,0.64886246,0.072027782,0.046736124,2.374402,403.00
805.322205,0.6387665,0.072977042,0.04661529,2.374402,403.00
805.559265,0.63094541,0.074137005,0.046776403,2.374402,403.00
805.796326,0.62452748,0.075221344,0.046977796,2.374402,403.00
806.033325,0.64812106,0.076273963,0.049434762,2.374402,403.00
806.270386,0.61172353,0.07735547,0.047320161,2.374402,403.00
806.507446,0.63161366,0.078458722,0.049555601,2.374402,403.00
806.744507,0.62813479,0.079598611,0.049998658,2.374402,403.00
806.981567,0.63606222,0.080759578,0.051368116,2.374402,403.00
807.218628,0.64322181,0.081927098,0.052697296,2.374402,403.00
807.455750,0.65101161,0.083081309,0.054086897,2.374402,403.00
807.692810,0.61399074,0.084253093,0.051730619,2.374402,403.00
807.929932,0.64425032,0.085328657,0.054973015,2.374402,403.00
808.167053,0.61501598,0.086437583,0.053160495,2.374402,403.00
808.404175,0.63166116,0.087507518,0.0552751,2.374402,403.00
808.641296,0.62461316,0.088817362,0.055476493,2.374402,403.00
808.878418,0.60919435,0.090073583,0.054872318,2.374402,403.00
809.115601,0.59687909,0.09132472,0.054509816,2.374402,403.00
809.352722,0.59114836,0.092550717,0.054711205,2.374402,403.00
809.589905,0.62271118,0.093778086,0.058396662,2.374402,403.00
809.827087,0.59328325,0.095069077,0.056402891,2.374402,403.00
810.064270,0.60199413,0.09636974,0.058014018,2.374402,403.00
810.301514,0.58293592,0.097723926,0.056966786,2.374402,403.00
810.538696,0.60150655,0.099193308,0.059665424,2.374402,403.00
810.775879,0.63568185,0.10054522,0.063914773,2.374402,403.00
811.013123,0.61024353,0.10179935,0.062122395,2.374402,403.00
811.250305,0.58593375,0.10296388,0.060330012,2.374402,403.00
811.487549,0.59330285,0.10440055,0.061941143,2.374402,403.00
811.724793,0.60527311,0.10592931,0.064116166,2.374402,403.00
811.962036,0.60820473,0.10740546,0.065324511,2.374402,403.00
812.199280,0.59668007,0.10890618,0.064982147,2.374402,403.00
812.436584,0.59878996,0.11043952,0.066130075,2.374402,403.00
812.673828,0.60153544,0.11194423,0.06733842,2.374402,403.00
812.911133,0.60151667,0.11355479,0.068305097,2.374402,403.00
813.148377,0.60140685,0.11531683,0.069352329,2.374402,403.00
813.385681,0.59681509,0.11718263,0.069936362,2.374402,403.00
813.622986,0.60047343,0.11888349,0.071386375,2.374402,403.00
813.860352,0.59410839,0.12053004,0.071607906,2.374402,403.00
814.097656,0.59772617,0.12222641,0.073057924,2.374402,403.00
814.334961,0.5784274,0.12390202,0.071668323,2.374402,403.00
814.572327,0.5930862,0.12552563,0.07444752,2.374402,403.00
814.809631,0.57698894,0.12742207,0.073521123,2.374402,403.00
815.047058,0.58141111,0.12915469,0.07509197,2.374402,403.00
815.284424,0.56726137,0.13088522,0.074246127,2.374402,403.00
815.521790,0.57352091,0.13261703,0.076058643,2.374402,403.00
815.759216,0.57384547,0.13440207,0.077126021,2.374402,403.00
815.996582,0.56277341,0.1363306,0.076723235,2.374402,403.00
816.233948,0.55839776,0.13830055,0.077226718,2.374402,403.00
816.471375,0.56925225,0.14033335,0.079885076,2.374402,403.00
816.708801,0.57626275,0.14240049,0.082060099,2.374402,403.00
816.946228,0.55561271,0.14443078,0.080247579,2.374402,403.00
817.183655,0.56234419,0.14656967,0.082422601,2.374402,403.00
817.421082,0.55582272,0.14857923,0.08258371,2.374402,403.00
817.658508,0.57463239,0.15054989,0.08651084,2.374402,403.00
817.895996,0.56336056,0.1526684,0.086007358,2.374402,403.00
818.133484,0.54091907,0.15479513,0.083731639,2.374402,403.00
818.370911,0.53077461,0.15695687,0.083308724,2.374402,403.00
818.608398,0.56305432,0.15897501,0.089511564,2.374402,403.00
818.845886,0.55716008,0.16116285,0.089793507,2.374402,403.00
819.083374,0.54047418,0.163381,0.088303214,2.374402,403.00
819.320923,0.54769614,0.16556558,0.09067963,2.374402,403.00
819.558411,0.54659701,0.16792496,0.091787283,2.374402,403.00
819.796021,0.54568533,0.17038297,0.092975486,2.374402,403.00
820.033508,0.53405764,0.17277277,0.092270619,2.374402,403.00
820.271057,0.53684218,0.17525288,0.09408314,2.374402,403.00
820.508606,0.54452617,0.17773576,0.096781773,2.374402,403.00
820.746155,0.55411284,0.18022152,0.099863056,2.374402,403.00
820.983704,0.53893309,0.1826819,0.098453322,2.374402,403.00
821.221313,0.54082744,0.18524445,0.10018528,2.374402,403.00
821.458862,0.54645127,0.18768682,0.1025617,2.374402,403.00
821.696472,0.52966108,0.19006233,0.10066862,2.374402,403.00
821.934082,0.53315845,0.19251734,0.10264225,2.374402,403.00
822.171692,0.53266298,0.19519178,0.10397143,2.374402,403.00
822.409302,0.52598895,0.19785992,0.10407213,2.374402,403.00
822.646912,0.51843658,0.20047034,0.10393116,2.374402,403.00
822.884522,0.53058329,0.20335837,0.10789855,2.374402,403.00
823.122192,0.53080511,0.2062707,0.10948954,2.374402,403.00
823.359802,0.52391579,0.20909842,0.10954996,2.374402,403.00
823.597473,0.53199455,0.21209359,0.11283263,2.374402,403.00
823.835144,0.51813977,0.21512182,0.11146317,2.374402,403.00
824.072815,0.5269799,0.21820095,0.11498752,2.374402,403.00
824.310547,0.52167127,0.22134792,0.11547085,2.374402,403.00
824.548218,0.51617081,0.22436995,0.11581322,2.374402,403.00
824.785950,0.52260704,0.22754121,0.11891464,2.374402,403.00
825.023621,0.50670473,0.23054881,0.11682017,2.374402,403.00
825.261353,0.52201772,0.233585,0.12193551,2.374402,403.00
825.499084,0.51701393,0.23666369,0.12235842,2.374402,403.00
825.736755,0.50396405,0.23979487,0.12084799,2.374402,403.00
825.974548,0.50504136,0.24311147,0.12278135,2.374402,403.00
826.212280,0.50657421,0.24631162,0.12477511,2.374402,403.00
826.450012,0.5216127,0.24944174,0.13011198,2.374402,403.00
826.687805,0.50556199,0.25250118,0.127655,2.374402,403.00
826.925537,0.51175237,0.25574335,0.13087727,2.374402,403.00
827.163330,0.51912537,0.25905527,0.13448216,2.374402,403.00
827.401123,0.52156485,0.26236131,0.13683844,2.374402,403.00
827.638916,0.51395321,0.26589421,0.13665718,2.374402,403.00
827.876709,0.51267226,0.2694262,0.13812734,2.374402,403.00
828.114502,0.5041414,0.27286678,0.13756344,2.374402,403.00
828.352356,0.5040716,0.27658023,0.13941624,2.374402,403.00
828.590149,0.50519422,0.28015136,0.14153085,2.374402,403.00
828.828064,0.50195219,0.28388664,0.14249752,2.374402,403.00
829.065918,0.48583544,0.28758365,0.13971833,2.374402,403.00
829.303772,0.50420139,0.2912079,0.14682743,2.374402,403.00
829.541626,0.50193042,0.2950131,0.14807605,2.374402,403.00
829.779480,0.49217943,0.29877104,0.14704896,2.374402,403.00
830.017334,0.49389203,0.30262818,0.14946565,2.374402,403.00
830.255249,0.50163666,0.30666784,0.15383583,2.374402,403.00
830.493103,0.49903921,0.31056429,0.15498376,2.374402,403.00
830.731018,0.47628817,0.31461686,0.14984829,2.374402,403.00
830.968933,0.49177827,0.31867149,0.15671571,2.374402,403.00
831.206848,0.49178585,0.32272073,0.15870949,2.374402,403.00
831.444763,0.49854479,0.32686902,0.16295884,2.374402,403.00
831.682739,0.4814378,0.33091225,0.15931367,2.374402,403.00
831.920654,0.4870348,0.334966,0.1631401,2.374402,403.00
832.158569,0.49182983,0.33907078,0.16676512,2.374402,403.00
832.396545,0.49046412,0.3431356,0.1682957,2.374402,403.00
832.634522,0.49140072,0.34723562,0.17063183,2.374402,403.00
832.872498,0.49243892,0.35137027,0.17302839,2.374402,403.00
833.110474,0.47627081,0.35556019,0.16934294,2.374402,403.00
833.348511,0.48834218,0.35980279,0.17570688,2.374402,403.00
833.586548,0.49331904,0.3640927,0.17961386,2.374402,403.00
833.824524,0.48595631,0.36840727,0.17902984,2.374402,403.00
834.062561,0.47896884,0.37264652,0.17848607,2.374402,403.00
834.300537,0.49806307,0.37692,0.18772993,2.374402,403.00
834.538574,0.47843755,0.3811002,0.18233264,2.374402,403.00
834.776611,0.48137438,0.38538533,0.18551462,2.374402,403.00
835.014709,0.48637729,0.38961966,0.18950216,2.374402,403.00
835.252747,0.479431,0.39392054,0.18885772,2.374402,403.00
835.490784,0.48043939,0.39820773,0.19131468,2.374402,403.00
835.728882,0.48713251,0.40245183,0.19604737,2.374402,403.00
835.966919,0.48022341,0.40664842,0.19528209,2.374402,403.00
836.205017,0.48040795,0.41085197,0.19737656,2.374402,403.00
836.443115,0.47955176,0.41494516,0.19898768,2.374402,403.00
836.681213,0.47529627,0.41899929,0.1991488,2.374402,403.00
836.919373,0.47725508,0.42306068,0.20190786,2.374402,403.00
837.157471,0.47913842,0.42707203,0.20462662,2.374402,403.00
837.395569,0.48240362,0.43102795,0.20792944,2.374402,403.00
837.633789,0.47598736,0.43497651,0.20704332,2.374402,403.00
837.871948,0.47653118,0.43891759,0.20915792,2.374402,403.00
838.110107,0.4700269,0.44284906,0.20815097,2.374402,403.00
838.348267,0.47648764,0.44681915,0.2129038,2.374402,403.00
838.586426,0.47776632,0.45072373,0.21534062,2.374402,403.00
838.824585,0.47454286,0.45442197,0.2156427,2.374402,403.00
839.062744,0.48288149,0.4581691,0.22124138,2.374402,403.00
839.300964,0.477474,0.46183955,0.22051638,2.374402,403.00
839.539185,0.48077097,0.46533278,0.22371849,2.374402,403.00
839.777344,0.48089532,0.46877209,0.22543031,2.374402,403.00
840.015564,0.48282247,0.47224005,0.22800811,2.374402,403.00
840.253784,0.47207486,0.47569643,0.22456432,2.374402,403.00
840.492065,0.47255909,0.47912975,0.22641712,2.374402,403.00
840.730286,0.47479125,0.48247622,0.22907549,2.374402,403.00
840.968506,0.48261165,0.4858415,0.23447277,2.374402,403.00
841.206787,0.47497764,0.4890709,0.23229774,2.374402,403.00
841.445068,0.47051131,0.49200132,0.23149219,2.374402,403.00
841.683289,0.47073939,0.49492878,0.23298247,2.374402,403.00
841.921570,0.46871829,0.49779334,0.23332484,2.374402,403.00
842.159973,0.47677153,0.50032529,0.23854085,2.374402,403.00
842.398254,0.47201708,0.50280493,0.23733251,2.374402,403.00
842.636536,0.47213958,0.5051911,0.23852072,2.374402,403.00
842.874878,0.46664682,0.50746923,0.2368089,2.374402,403.00
843.113159,0.47581307,0.50967131,0.24250827,2.374402,403.00
843.351502,0.47585211,0.5117879,0.24353535,2.374402,403.00
843.589844,0.47921447,0.51391243,0.24627427,2.374402,403.00
843.828186,0.47962014,0.51595513,0.24746248,2.374402,403.00
844.066528,0.46581139,0.51780448,0.24119922,2.374402,403.00
844.304932,0.47060641,0.51958953,0.24452216,2.374402,403.00
844.543274,0.48020446,0.52128261,0.25032224,2.374402,403.00
844.781677,0.47885154,0.52271336,0.2503021,2.374402,403.00
845.020019,0.4690307,0.52395432,0.24575066,2.374402,403.00
845.258423,0.47436221,0.52502805,0.24905346,2.374402,403.00
845.496826,0.46860795,0.5258882,0.24643539,2.374402,403.00
845.735229,0.47955497,0.52660809,0.25253752,2.374402,403.00
845.973633,0.4701723,0.52717964,0.24786526,2.374402,403.00
846.212097,0.47156199,0.52771868,0.24885207,2.374402,403.00
846.450562,0.47659998,0.52814067,0.25171183,2.374402,403.00
846.689026,0.46793261,0.52828263,0.24720067,2.374402,403.00
846.927429,0.46346602,0.52824642,0.24482426,2.374402,403.00
847.165894,0.47069222,0.52809483,0.24857013,2.374402,403.00
847.404358,0.47166893,0.52781254,0.24895278,2.374402,403.00
847.642822,0.46759552,0.52732831,0.24657635,2.374402,403.00
847.881348,0.47453928,0.52669947,0.24993959,2.374402,403.00
848.119812,0.47095806,0.52582969,0.24764373,2.374402,403.00
848.358337,0.47304538,0.52478667,0.24824791,2.374402,403.00
848.596802,0.47105977,0.523493,0.24659649,2.374402,403.00
848.835327,0.47591227,0.52221779,0.24852985,2.374402,403.00
849.073853,0.46872853,0.52076894,0.24409926,2.374402,403.00
849.312378,0.46700119,0.51911581,0.2424277,2.374402,403.00
849.550903,0.47294096,0.51710991,0.24456246,2.374402,403.00
849.789429,0.4591711,0.51502951,0.23648667,2.374402,403.00
850.028015,0.46950174,0.51261922,0.24067561,2.374402,403.00
850.266541,0.46777569,0.50990405,0.23852072,2.374402,403.00
850.505188,0.47948817,0.50706688,0.24313257,2.374402,403.00
850.743774,0.4648711,0.50412238,0.23435193,2.374402,403.00
850.982361,0.47505681,0.50073225,0.23787626,2.374402,403.00
851.220947,0.46704007,0.49721042,0.23221719,2.374402,403.00
851.459534,0.4642261,0.49350009,0.22909562,2.374402,403.00
851.698120,0.47017982,0.48969254,0.23024355,2.374402,403.00
851.936768,0.46587022,0.48566319,0.22625602,2.374402,403.00
852.175354,0.46774405,0.48160782,0.22526919,2.374402,403.00
852.414002,0.46188137,0.47760517,0.22059693,2.374402,403.00
852.652649,0.46015508,0.47331347,0.2177976,2.374402,403.00
852.891296,0.47081365,0.4688007,0.22071777,2.374402,403.00
853.129944,0.45999581,0.46423953,0.21354824,2.374402,403.00
853.368591,0.46910686,0.4595161,0.21556215,2.374402,403.00
853.607300,0.46680417,0.4546212,0.21221907,2.374402,403.00
853.845947,0.4601219,0.44953723,0.20684192,2.374402,403.00
854.084656,0.46478366,0.44442178,0.20655998,2.374402,403.00
854.323364,0.46230741,0.43909172,0.20299535,2.374402,403.00
854.562012,0.46548366,0.43349967,0.20178701,2.374402,403.00
854.800781,0.45896187,0.42772437,0.19630918,2.374402,403.00
855.039551,0.46435101,0.42184953,0.19588625,2.374402,403.00
855.278259,0.46284268,0.41604485,0.19256331,2.374402,403.00
855.516968,0.46225402,0.41025741,0.18964314,2.374402,403.00
855.755737,0.47146065,0.40438175,0.19065009,2.374402,403.00
855.994446,0.46006148,0.39846734,0.18331947,2.374402,403.00
856.233215,0.46309557,0.3923776,0.18170833,2.374402,403.00
856.471985,0.46013873,0.38627683,0.17774093,2.374402,403.00
856.710754,0.46426016,0.38011485,0.17647218,2.374402,403.00
856.949524,0.4669598,0.37403574,0.17465966,2.374402,403.00
857.188354,0.45336755,0.3678809,0.16678526,2.374402,403.00
857.427124,0.45582498,0.36170034,0.16487205,2.374402,403.00
857.665955,0.45597058,0.35531308,0.16201231,2.374402,403.00
857.904724,0.46233785,0.34902583,0.16136786,2.374402,403.00
858.143555,0.4671287,0.34277325,0.16011922,2.374402,403.00
858.382385,0.4549647,0.33662194,0.1531511,2.374402,403.00
858.621216,0.47082281,0.33037407,0.15554765,2.374402,403.00
858.860107,0.46515431,0.32426897,0.15083511,2.374402,403.00
859.098999,0.47776305,0.31819814,0.15202331,2.374402,403.00
859.337830,0.46236562,0.31215595,0.14433018,2.374402,403.00
859.576721,0.4547142,0.30598186,0.13913429,2.374402,403.00
859.815552,0.46861112,0.30004504,0.14060444,2.374402,403.00
860.054443,0.45645464,0.29400559,0.13420022,2.374402,403.00
860.293335,0.46361285,0.28803262,0.13353562,2.374402,403.00
860.532227,0.46427886,0.28215392,0.1309981,2.374402,403.00
860.771179,0.46512847,0.27644278,0.12858141,2.374402,403.00
861.010071,0.46888329,0.27057817,0.12686959,2.374402,403.00
861.248962,0.4570314,0.26477199,0.12100911,2.374402,403.00
861.487915,0.47513146,0.25900893,0.12306329,2.374402,403.00
861.726868,0.46235994,0.2534447,0.11718268,2.374402,403.00
861.965820,0.46068435,0.24789661,0.11420209,2.374402,403.00
862.204773,0.46255129,0.24254215,0.11218819,2.374402,403.00
862.443726,0.46731115,0.23718429,0.11083886,2.374402,403.00
862.682678,0.47424325,0.23197623,0.11001316,2.374402,403.00
862.921692,0.45615796,0.22686899,0.1034881,2.374402,403.00
863.160706,0.45589322,0.22187642,0.10115196,2.374402,403.00
863.399658,0.45892605,0.21703115,0.09960125,2.374402,403.00
863.638672,0.44772239,0.21220636,0.095009537,2.374402,403.00
863.877685,0.46609965,0.2075554,0.096741498,2.374402,403.00
864.116699,0.46554471,0.2030443,0.094526201,2.374402,403.00
864.355713,0.47070063,0.19855258,0.093458823,2.374402,403.00
864.594727,0.46991535,0.19417013,0.091243525,2.374402,403.00
864.833801,0.45983022,0.18988836,0.087316404,2.374402,403.00
865.072815,0.45500722,0.18557181,0.084436515,2.374402,403.00
865.311890,0.46525639,0.18144053,0.084416368,2.374402,403.00
865.550964,0.45141115,0.17732434,0.080046186,2.374402,403.00
865.790039,0.46630779,0.1733439,0.080831612,2.374402,403.00
866.029114,0.46790348,0.16939553,0.07926076,2.374402,403.00
866.268188,0.47441416,0.16541526,0.078475343,2.374402,403.00
866.507263,0.45047899,0.16159713,0.072796114,2.374402,403.00
866.746399,0.44764992,0.15802957,0.070741925,2.374402,403.00
866.985535,0.46313706,0.15426706,0.071446792,2.374402,403.00
867.224670,0.46046383,0.15078901,0.069432884,2.374402,403.00
867.463745,0.45716521,0.14738369,0.067378695,2.374402,403.00
867.702881,0.4782036,0.14401604,0.068868988,2.374402,403.00
867.942017,0.46016315,0.14082156,0.064800891,2.374402,403.00
868.181213,0.46370683,0.13770415,0.063854356,2.374402,403.00
868.420349,0.47047248,0.13452532,0.06329046,2.374402,403.00
868.659485,0.45834466,0.13140618,0.06022932,2.374402,403.00
868.898682,0.45518002,0.12829355,0.058396662,2.374402,403.00
869.137817,0.45827726,0.12527318,0.057409847,2.374402,403.00
869.377014,0.47377645,0.12232267,0.057953601,2.374402,403.00
869.616211,0.47652484,0.11946178,0.056926507,2.374402,403.00
869.855408,0.44987403,0.11669024,0.052495907,2.374402,403.00
870.094604,0.46528942,0.11403612,0.053059803,2.374402,403.00
870.333862,0.44194176,0.11149354,0.049273653,2.374402,403.00
870.573059,0.46455005,0.10901539,0.050643107,2.374402,403.00
870.812317,0.44330979,0.10669744,0.047300019,2.374402,403.00
871.051575,0.45944341,0.10430954,0.047924332,2.374402,403.00
871.290832,0.44450726,0.10206057,0.045366665,2.374402,403.00
871.530090,0.48083391,0.099920503,0.048045166,2.374402,403.00
871.769348,0.47470695,0.097773798,0.046413901,2.374402,403.00
872.008606,0.47334259,0.09580065,0.045346527,2.374402,403.00
872.247925,0.45438514,0.093814141,0.042627752,2.374402,403.00
872.487183,0.44827682,0.091812902,0.041157596,2.374402,403.00
872.726502,0.4654479,0.089853639,0.041822188,2.374402,403.00
872.965759,0.45348308,0.08782779,0.039828417,2.374402,403.00
873.205078,0.44643381,0.085876389,0.038338124,2.374402,403.00
873.444397,0.44320179,0.084094312,0.03727075,2.374402,403.00
873.683716,0.43700481,0.082245251,0.035941571,2.374402,403.00
873.923035,0.42393191,0.080410963,0.034088773,2.374402,403.00
874.162353,0.44537988,0.078618668,0.035015173,2.374402,403.00
874.401733,0.44826926,0.076853983,0.034451278,2.374402,403.00
874.641052,0.44685415,0.07502421,0.03352488,2.374402,403.00
874.880432,0.43883425,0.073412315,0.032215838,2.374402,403.00
875.119873,0.44088352,0.071837756,0.031672082,2.374402,403.00
875.359253,0.44265995,0.07036658,0.031148467,2.374402,403.00
875.598633,0.43696602,0.068702541,0.030020676,2.374402,403.00
875.838013,0.42319525,0.067178656,0.028429689,2.374402,403.00
876.077393,0.44012307,0.065693051,0.028913027,2.374402,403.00
876.316834,0.44347223,0.064107033,0.028429689,2.374402,403.00
876.556213,0.47566273,0.06264764,0.029799147,2.374402,403.00
876.795654,0.43081245,0.061409685,0.026456057,2.374402,403.00
877.035095,0.43421351,0.060140211,0.026113692,2.374402,403.00
877.274536,0.44461756,0.058823524,0.026153972,2.374402,403.00
877.513977,0.45589378,0.057456912,0.026194249,2.374402,403.00
877.753418,0.45147533,0.056190326,0.025368546,2.374402,403.00
877.992859,0.47417364,0.054817172,0.025992858,2.374402,403.00
878.232361,0.42348692,0.053531541,0.022669907,2.374402,403.00
878.471802,0.43837462,0.052356715,0.022951855,2.374402,403.00
878.711304,0.43334896,0.051151454,0.022166429,2.374402,403.00
878.950867,0.4615356,0.049860232,0.023012272,2.374402,403.00
879.190369,0.46839585,0.04865701,0.022790742,2.374402,403.00
879.429871,0.45965189,0.047523364,0.021844204,2.374402,403.00
879.669373,0.46582198,0.046548024,0.021683093,2.374402,403.00
879.908875,0.45668094,0.045539392,0.020796972,2.374402,403.00
880.148438,0.46661764,0.04461278,0.02081711,2.374402,403.00
880.387940,0.49316336,0.043558998,0.021481702,2.374402,403.00
880.627502,0.45047433,0.042590314,0.019185843,2.374402,403.00
880.867065,0.48097049,0.041690346,0.020051826,2.374402,403.00
881.106628,0.50273307,0.040847049,0.020535162,2.374402,403.00
881.346191,0.49475034,0.039918595,0.019749738,2.374402,403.00
881.585754,0.49165035,0.039023349,0.019185843,2.374402,403.00
881.825317,0.51985975,0.03806799,0.019790016,2.374402,403.00
882.064880,0.49441467,0.03717584,0.018380281,2.374402,403.00
882.304504,0.47437415,0.036368953,0.017252491,2.374402,403.00
882.544128,0.49715185,0.03575589,0.017776107,2.374402,403.00
882.783752,0.50748648,0.03506743,0.017796247,2.374402,403.00
883.023377,0.45057683,0.034311821,0.015460112,2.374402,403.00
883.263000,0.52131873,0.033557514,0.01749416,2.374402,403.00
883.502625,0.5196902,0.032848876,0.017071239,2.374402,403.00
883.742310,0.49558176,0.032211817,0.015963589,2.374402,403.00
883.981934,0.49605739,0.031612555,0.015681641,2.374402,403.00
884.221619,0.44415418,0.030953864,0.013748288,2.374402,403.00
884.461243,0.47739606,0.030317167,0.014473296,2.374402,403.00
884.700928,0.45291215,0.029643857,0.013426063,2.374402,403.00
884.940613,0.51926522,0.028997378,0.01505733,2.374402,403.00
885.180298,0.50963534,0.028399318,0.014473296,2.374402,403.00
885.419983,0.48785174,0.027851034,0.013587176,2.374402,403.00
885.659668,0.49216164,0.027279783,0.013426063,2.374402,403.00
885.899414,0.45788375,0.026639028,0.012197578,2.374402,403.00
886.139099,0.5111854,0.026106979,0.013345506,2.374402,403.00
886.378845,0.51785366,0.025693027,0.013305228,2.374402,403.00
886.618652,0.47963884,0.025220815,0.012096883,2.374402,403.00
886.858337,0.47557218,0.024758928,0.011774658,2.374402,403.00
887.098084,0.52760652,0.024301994,0.01282189,2.374402,403.00
887.337891,0.52232188,0.023815291,0.012439247,2.374402,403.00
887.577637,0.51687118,0.023481984,0.012137161,2.374402,403.00
887.817383,0.50346518,0.023187228,0.011673962,2.374402,403.00
888.057190,0.4088679,0.022887505,0.0093579659,2.374402,403.00
888.296936,0.42553846,0.022558796,0.0095996352,2.374402,403.00
888.536743,0.49990394,0.022143831,0.011069788,2.374402,403.00
888.776550,0.526666,0.021859867,0.011512849,2.374402,403.00
889.016357,0.56534929,0.02150405,0.0121573,2.374402,403.00
889.256165,0.54960509,0.021203993,0.011653822,2.374402,403.00
889.495972,0.50581168,0.020969444,0.01060659,2.374402,403.00
889.735779,0.52939223,0.02064408,0.010928816,2.374402,403.00
889.975647,0.50632145,0.020351702,0.010304503,2.374402,403.00
890.215515,0.53047107,0.020070591,0.010646868,2.374402,403.00
890.455383,0.52239008,0.019687136,0.010284365,2.374402,403.00
890.695252,0.39145514,0.019429721,0.0076058644,2.374402,403.00
890.935120,0.56367015,0.0191743,0.01080798,2.374402,403.00
891.174988,0.56572977,0.018962101,0.010727425,2.374402,403.00
891.414856,0.47695551,0.018775722,0.0089551841,2.374402,403.00
891.654785,0.46307799,0.018555579,0.0085926802,2.374402,403.00
891.894653,0.45119932,0.018374571,0.0082905939,2.374402,403.00
892.134582,0.52039823,0.018098415,0.0094183829,2.374402,403.00
892.374451,0.49156111,0.017931057,0.0088142103,2.374402,403.00
892.614380,0.50699719,0.017822072,0.0090357404,2.374402,403.00
892.854309,0.43019368,0.017680093,0.0076058644,2.374402,403.00
893.094238,0.48423899,0.017495174,0.0084718456,2.374402,403.00
893.334168,0.43421456,0.017423613,0.0075655866,2.374402,403.00
893.574097,0.50163277,0.017290012,0.0086732364,2.374402,403.00
893.814087,0.50645808,0.01712528,0.0086732364,2.374402,403.00
894.054016,0.48253706,0.017014315,0.0082100376,2.374402,403.00
894.294067,0.498707,0.016906857,0.0084315677,2.374402,403.00
894.534058,0.43994691,0.01683038,0.0074044735,2.374402,403.00
894.774048,0.49463326,0.016761093,0.0082905939,2.374402,403.00
895.014038,0.46549838,0.016771822,0.0078072559,2.374402,403.00
895.254028,0.51605745,0.016767702,0.0086530978,2.374402,403.00
895.494019,0.56117777,0.016675582,0.0093579659,2.374402,403.00
895.734070,0.48628577,0.016593255,0.0080690638,2.374402,403.00
895.974060,0.49537871,0.016532601,0.0081898984,2.374402,403.00
896.214111,0.50669571,0.016560806,0.0083912893,2.374402,403.00
896.454102,0.54252325,0.016580786,0.008995462,2.374402,403.00
896.694153,0.42390698,0.016659573,0.0070621094,2.374402,403.00
896.934204,0.45501906,0.016804006,0.0076461428,2.374402,403.00
897.174255,0.54712698,0.016846166,0.0092169921,2.374402,403.00
897.414368,0.43779108,0.016821255,0.0073641957,2.374402,403.00
897.654419,0.5395973,0.016969275,0.009156575,2.374402,403.00
897.894470,0.342124,0.017110064,0.0058537635,2.374402,403.00
898.134644,0.52997698,0.017277307,0.009156575,2.374402,403.00
898.374756,0.47160221,0.017494226,0.0082503155,2.374402,403.00
898.614807,0.50915296,0.017548842,0.0089350449,2.374402,403.00
898.854919,0.43994808,0.017608528,0.0077468383,2.374402,403.00
899.095032,0.43920756,0.01768407,0.0077669775,2.374402,403.00
899.335205,0.52461142,0.0178379,0.0093579659,2.374402,403.00
899.575317,0.36303117,0.01812178,0.0065787708,2.374402,403.00
899.815430,0.39774775,0.018312208,0.0072836394,2.374402,403.00
900.055603,0.43807125,0.018419524,0.0080690638,2.374402,403.00
900.295776,0.53201614,0.018649547,0.0099218601,2.374402,403.00
900.535889,0.35513671,0.018864863,0.0066996054,2.374402,403.00
900.776062,0.45856469,0.019309138,0.0088544887,2.374402,403.00
901.016235,0.37536512,0.019726056,0.0074044735,2.374402,403.00
901.256409,0.34474896,0.02025112,0.0069815526,2.374402,403.00
901.496643,0.41657545,0.020675293,0.0086128194,2.374402,403.00
901.736877,0.42432917,0.02100941,0.0089149057,2.374402,403.00
901.977112,0.41195567,0.021396016,0.0088142103,2.374402,403.00
902.217285,0.36271403,0.021968735,0.0079683683,2.374402,403.00
902.457519,0.32261751,0.022514278,0.0072635002,2.374402,403.00
902.697754,0.34610726,0.023081017,0.0079885075,2.374402,403.00
902.937988,0.37944294,0.02349472,0.0089149057,2.374402,403.00
903.178223,0.39560967,0.024010889,0.0094989397,2.374402,403.00
903.418457,0.3823035,0.024372488,0.0093176875,2.374402,403.00
903.658752,0.36284492,0.024846982,0.0090156012,2.374402,403.00
903.898987,0.32747141,0.025439998,0.0083308723,2.374402,403.00
904.139282,0.37395514,0.026155243,0.0097808874,2.374402,403.00
904.379517,0.34715022,0.026840506,0.0093176875,2.374402,403.00
904.619812,0.32722664,0.027490005,0.008995462,2.374402,403.00
904.860107,0.41440302,0.028121954,0.011653822,2.374402,403.00
905.100403,0.34792901,0.028922089,0.010062834,2.374402,403.00
905.340759,0.3853634,0.029770786,0.011472571,2.374402,403.00
905.581116,0.32365325,0.03071806,0.0099419999,2.374402,403.00
905.821411,0.37017515,0.03153632,0.011673962,2.374402,403.00
906.061768,0.3296835,0.032477467,0.010707285,2.374402,403.00
906.302063,0.35425195,0.033408637,0.011835075,2.374402,403.00
906.542419,0.37109709,0.034334233,0.012741334,2.374402,403.00
906.782776,0.33857678,0.035193288,0.01191563,2.374402,403.00
907.023132,0.23475031,0.036260331,0.008512124,2.374402,403.00
907.263489,0.34564526,0.037328578,0.012902446,2.374402,403.00
907.503845,0.33141886,0.038444806,0.012741334,2.374402,403.00
907.744263,0.31999226,0.039377077,0.01260036,2.374402,403.00
907.984619,0.30678411,0.040678527,0.012479526,2.374402,403.00
908.225037,0.30766579,0.041871107,0.012882308,2.374402,403.00
908.465393,0.34946338,0.042971746,0.015017052,2.374402,403.00
908.705810,0.31563522,0.044131769,0.01392954,2.374402,403.00
908.946228,0.31175443,0.045456322,0.01417121,2.374402,403.00
909.186707,0.32623529,0.046772135,0.015258721,2.374402,403.00
909.427185,0.2843851,0.047919016,0.013627454,2.374402,403.00
909.667603,0.30796547,0.049089098,0.015117747,2.374402,403.00
909.908020,0.32017397,0.050362312,0.016124701,2.374402,403.00
910.148498,0.28241285,0.05160527,0.014573991,2.374402,403.00
910.388916,0.31127362,0.052966919,0.016487205,2.374402,403.00
910.629394,0.3114848,0.054353422,0.016930265,2.374402,403.00
910.869873,0.29446513,0.055716781,0.016406649,2.374402,403.00
911.110352,0.30930493,0.057145586,0.017675411,2.374402,403.00
911.350830,0.26897126,0.058526915,0.015742058,2.374402,403.00
911.591370,0.30850786,0.060034948,0.018521253,2.374402,403.00
911.831848,0.29817533,0.061507443,0.018340002,2.374402,403.00
912.072327,0.30565521,0.063033114,0.0192664,2.374402,403.00
912.312866,0.28607404,0.064531673,0.018460836,2.374402,403.00
912.553406,0.3009155,0.065966809,0.019850435,2.374402,403.00
912.794006,0.28832514,0.067590119,0.019487931,2.374402,403.00
913.034546,0.28268924,0.069151368,0.019548348,2.374402,403.00
913.275085,0.2950723,0.070753937,0.020877527,2.374402,403.00
913.515625,0.29153037,0.072373446,0.021099058,2.374402,403.00
913.756165,0.30498982,0.073933856,0.022549073,2.374402,403.00
913.996765,0.27765847,0.075481522,0.020958084,2.374402,403.00
914.237305,0.27377106,0.077141819,0.021119197,2.374402,403.00
914.477905,0.28730726,0.078834653,0.022649768,2.374402,403.00
914.718506,0.2813941,0.080491268,0.022649768,2.374402,403.00
914.959106,0.27523877,0.082071833,0.022589351,2.374402,403.00
915.199707,0.28752269,0.083818718,0.024099783,2.374402,403.00
915.440308,0.28514326,0.085224438,0.024301174,2.374402,403.00
915.680908,0.28067936,0.086795092,0.024361591,2.374402,403.00
915.921509,0.26862497,0.088440841,0.023757419,2.374402,403.00
916.162170,0.26637309,0.09017137,0.024019227,2.374402,403.00
916.402832,0.26896256,0.091849051,0.024703956,2.374402,403.00
916.643494,0.27442795,0.093468952,0.025650493,2.374402,403.00
916.884155,0.25283408,0.09515926,0.024059504,2.374402,403.00
917.124817,0.2770215,0.096883091,0.026838699,2.374402,403.00
917.365478,0.26001684,0.098416996,0.025590076,2.374402,403.00
917.606140,0.25457376,0.10036304,0.025549797,2.374402,403.00
917.846863,0.2578938,0.10219463,0.026355363,2.374402,403.00
918.087524,0.26116555,0.10392177,0.027140786,2.374402,403.00
918.328247,0.27594882,0.10572553,0.029174835,2.374402,403.00
918.568909,0.26350434,0.10743221,0.028308854,2.374402,403.00
918.809631,0.25306586,0.10923743,0.027644265,2.374402,403.00
919.050354,0.27486963,0.11104957,0.030524154,2.374402,403.00
919.291077,0.27056476,0.11289088,0.030544294,2.374402,403.00
919.531799,0.25654174,0.11482257,0.029456783,2.374402,403.00
919.772583,0.25386585,0.11674683,0.029638034,2.374402,403.00
920.013367,0.25602797,0.11859267,0.030363041,2.374402,403.00
920.254089,0.2483192,0.12057111,0.029940121,2.374402,403.00
920.494873,0.24500938,0.12252868,0.030020676,2.374402,403.00
920.735596,0.24625511,0.12460764,0.030685268,2.374402,403.00
920.976379,0.24067916,0.12665773,0.030483877,2.374402,403.00
921.217163,0.25794402,0.12864231,0.033182515,2.374402,403.00
921.457947,0.25184511,0.13063811,0.032900568,2.374402,403.00
921.698731,0.24291622,0.1327041,0.032235978,2.374402,403.00
921.939575,0.23925893,0.13481677,0.032256115,2.374402,403.00
922.180359,0.24860581,0.13695777,0.034048496,2.374402,403.00
922.421204,0.2390274,0.13907582,0.033242932,2.374402,403.00
922.661987,0.24999319,0.14119233,0.035297121,2.374402,403.00
922.902832,0.23900691,0.14321656,0.034229747,2.374402,403.00
923.143677,0.23331471,0.14524323,0.033887382,2.374402,403.00
923.384582,0.21841186,0.1474082,0.032195698,2.374402,403.00
923.625427,0.25031397,0.14953965,0.037431864,2.374402,403.00
923.866272,0.24512031,0.15172221,0.037190195,2.374402,403.00
924.107117,0.23748136,0.1539737,0.036565883,2.374402,403.00
924.348022,0.22872232,0.15626013,0.03574018,2.374402,403.00
924.588867,0.24193956,0.15837833,0.038317982,2.374402,403.00
924.829773,0.22772842,0.1607448,0.03660616,2.374402,403.00
925.070679,0.23722731,0.16313732,0.038700626,2.374402,403.00
925.311584,0.23913777,0.16562372,0.039606886,2.374402,403.00
925.552490,0.24517355,0.16803556,0.041197876,2.374402,403.00
925.793396,0.23676633,0.1705999,0.040392312,2.374402,403.00
926.034302,0.22495717,0.17310982,0.038942294,2.374402,403.00
926.275207,0.22881694,0.1755586,0.040170781,2.374402,403.00
926.516174,0.23383508,0.17807821,0.041640932,2.374402,403.00
926.757141,0.23162172,0.18091025,0.041902743,2.374402,403.00
926.998108,0.23358574,0.18344134,0.042849282,2.374402,403.00
927.239075,0.22280765,0.18598797,0.041439544,2.374402,403.00
927.480041,0.21623473,0.18856801,0.040774952,2.374402,403.00
927.721008,0.22071418,0.19131063,0.04222497,2.374402,403.00
927.961975,0.21514624,0.19401515,0.041741629,2.374402,403.00
928.203003,0.22079384,0.19689676,0.04347359,2.374402,403.00
928.443970,0.21693212,0.1998448,0.043352756,2.374402,403.00
928.684937,0.21930654,0.2027318,0.044460409,2.374402,403.00
928.925964,0.21720031,0.20553221,0.04464166,2.374402,403.00
929.166992,0.21512821,0.20854164,0.044863191,2.374402,403.00
929.408020,0.22508746,0.21157218,0.047622246,2.374402,403.00
929.649048,0.21432253,0.21468167,0.046011119,2.374402,403.00
929.890076,0.21699444,0.21769959,0.047239602,2.374402,403.00
930.131103,0.21007874,0.22083985,0.046393759,2.374402,403.00
930.372192,0.22737684,0.22396764,0.050925055,2.374402,403.00
930.613281,0.20083682,0.22709151,0.045608338,2.374402,403.00
930.854309,0.19963138,0.23027862,0.04597084,2.374402,403.00
931.095398,0.21196745,0.2335987,0.049515321,2.374402,403.00
931.336487,0.19656109,0.23694932,0.046575015,2.374402,403.00
931.577515,0.20652085,0.24044203,0.049656293,2.374402,403.00
931.818603,0.20608414,0.24398096,0.050280605,2.374402,403.00
932.059753,0.21079798,0.24760115,0.052193822,2.374402,403.00
932.300842,0.20139679,0.25125938,0.050602832,2.374402,403.00
932.541931,0.20424119,0.25495828,0.052072983,2.374402,403.00
932.783081,0.2089852,0.25871092,0.054066755,2.374402,403.00
933.024170,0.20025938,0.26254182,0.052576462,2.374402,403.00
933.265320,0.20037407,0.26651236,0.053402167,2.374402,403.00
933.506470,0.20180465,0.27041118,0.054570233,2.374402,403.00
933.747620,0.19865807,0.27428877,0.054489678,2.374402,403.00
933.988831,0.19527723,0.27821249,0.054328565,2.374402,403.00
934.229981,0.19826397,0.28235071,0.055979971,2.374402,403.00
934.471130,0.19712626,0.2864322,0.056463308,2.374402,403.00
934.712280,0.18577496,0.29059998,0.0539862,2.374402,403.00
934.953491,0.1919336,0.29481103,0.056584142,2.374402,403.00
935.194641,0.19003321,0.29913694,0.056845952,2.374402,403.00
935.435852,0.19251024,0.30344776,0.0584168,2.374402,403.00
935.677063,0.18176847,0.30786323,0.055959829,2.374402,403.00
935.918274,0.1811136,0.31253467,0.056604279,2.374402,403.00
936.159485,0.18530311,0.31720623,0.058779302,2.374402,403.00
936.400696,0.1832101,0.32181937,0.058960557,2.374402,403.00
936.641907,0.17638362,0.32662464,0.057611236,2.374402,403.00
936.883179,0.17143615,0.33135177,0.056805673,2.374402,403.00
937.124390,0.17358224,0.33607266,0.058336245,2.374402,403.00
937.365723,0.17452831,0.3409436,0.059504311,2.374402,403.00
937.606934,0.16762509,0.34573345,0.057953601,2.374402,403.00
937.848206,0.16503025,0.35068145,0.057873046,2.374402,403.00
938.089478,0.15854855,0.35561822,0.056382753,2.374402,403.00
938.330750,0.16595707,0.36061541,0.059846676,2.374402,403.00
938.572022,0.16296532,0.3656291,0.059584865,2.374402,403.00
938.813354,0.15896821,0.37076857,0.058940415,2.374402,403.00
939.054627,0.15282627,0.37604965,0.057470264,2.374402,403.00
939.295959,0.15283831,0.38142248,0.058295966,2.374402,403.00
939.537231,0.14869386,0.38690692,0.057530682,2.374402,403.00
939.778565,0.14787842,0.39271745,0.058074435,2.374402,403.00
940.019897,0.14501257,0.39839545,0.05777235,2.374402,403.00
940.261231,0.14071146,0.40427573,0.056886227,2.374402,403.00
940.502563,0.14641884,0.41024917,0.060068206,2.374402,403.00
940.743957,0.14286519,0.41636577,0.059484173,2.374402,403.00
940.985291,0.13381395,0.42270633,0.056564004,2.374402,403.00
941.226685,0.13237576,0.42912442,0.056805673,2.374402,403.00
941.468018,0.13208271,0.43556559,0.057530682,2.374402,403.00
941.709412,0.13458794,0.44197253,0.059484173,2.374402,403.00
941.950806,0.1260437,0.44828568,0.056503587,2.374402,403.00
942.192139,0.12489176,0.45483924,0.056805673,2.374402,403.00
942.433533,0.12097547,0.46157289,0.055838995,2.374402,403.00
942.674927,0.12598039,0.46849333,0.059020975,2.374402,403.00
942.916382,0.12348607,0.47567329,0.058739027,2.374402,403.00
943.157776,0.11980374,0.48272924,0.057832767,2.374402,403.00
943.399170,0.11982824,0.48985738,0.058698747,2.374402,403.00
943.640625,0.11182471,0.49718285,0.055597327,2.374402,403.00
943.882080,0.11364857,0.50462072,0.057349426,2.374402,403.00
944.123535,0.11334608,0.5121862,0.058054297,2.374402,403.00
944.364990,0.11209904,0.51986019,0.058275828,2.374402,403.00
944.606445,0.10966059,0.52756329,0.057852904,2.374402,403.00
944.847900,0.11107887,0.53551297,0.059484173,2.374402,403.00
945.089356,0.10777859,0.54350234,0.058577913,2.374402,403.00
945.330872,0.1093996,0.55146464,0.060330012,2.374402,403.00
945.572327,0.10486534,0.55956153,0.05867861,2.374402,403.00
945.813843,0.10445819,0.56771921,0.059302922,2.374402,403.00
946.055298,0.10158842,0.57582698,0.058497354,2.374402,403.00
946.296814,0.10277618,0.58406457,0.060027927,2.374402,403.00
946.538330,0.1054294,0.59228848,0.062444617,2.374402,403.00
946.779846,0.10351006,0.60054713,0.06216267,2.374402,403.00
947.021362,0.10436999,0.60872026,0.063532129,2.374402,403.00
947.262878,0.1019181,0.6168437,0.062867541,2.374402,403.00
947.504456,0.1011648,0.62521928,0.063250181,2.374402,403.00
947.746033,0.10172688,0.63364303,0.064458526,2.374402,403.00
947.987549,0.10557715,0.64200898,0.067781477,2.374402,403.00
948.229126,0.10069697,0.65052369,0.065505762,2.374402,403.00
948.470703,0.10301514,0.65895336,0.067882173,2.374402,403.00
948.712280,0.098323448,0.66745621,0.065626596,2.374402,403.00
948.953857,0.099846581,0.6760325,0.067499534,2.374402,403.00
949.195435,0.10079197,0.6844774,0.068989827,2.374402,403.00
949.437012,0.10152837,0.69300118,0.070359281,2.374402,403.00
949.678589,0.10430672,0.70157279,0.073178758,2.374402,403.00
949.920227,0.10301877,0.70995295,0.073138478,2.374402,403.00
950.161804,0.10234247,0.71838332,0.073521123,2.374402,403.00
950.403442,0.1000311,0.72652685,0.07267528,2.374402,403.00
950.645019,0.10066851,0.73433001,0.073923905,2.374402,403.00
950.886719,0.1027515,0.74178731,0.076219761,2.374402,403.00
951.128357,0.10387791,0.74905967,0.077810751,2.374402,403.00
951.369995,0.10291425,0.75626928,0.077830888,2.374402,403.00
951.611694,0.10614235,0.76324738,0.081012867,2.374402,403.00
951.853332,0.10434911,0.76999481,0.080348275,2.374402,403.00
952.094971,0.10797878,0.77656439,0.083852473,2.374402,403.00
952.336670,0.10622775,0.78272962,0.083147606,2.374402,403.00
952.578308,0.10796217,0.78862236,0.085141382,2.374402,403.00
952.820007,0.10620774,0.79425429,0.084355955,2.374402,403.00
953.061707,0.10700541,0.79962587,0.085564296,2.374402,403.00
953.303406,0.10789734,0.80458813,0.086812921,2.374402,403.00
953.545105,0.10830905,0.80933925,0.087658769,2.374402,403.00
953.786804,0.10811939,0.81373924,0.087980987,2.374402,403.00
954.028503,0.11071359,0.81759175,0.090518521,2.374402,403.00
954.270325,0.11262327,0.82089486,0.092451866,2.374402,403.00
954.512024,0.10986004,0.82376059,0.090498374,2.374402,403.00
954.753784,0.11445692,0.82604299,0.094546338,2.374402,403.00
954.995544,0.11232906,0.82770643,0.092975486,2.374402,403.00
955.237244,0.1142144,0.82867865,0.094647035,2.374402,403.00
955.479004,0.11567183,0.82920618,0.095915797,2.374402,403.00
955.720764,0.11345267,0.82909458,0.094062993,2.374402,403.00
955.962585,0.11494013,0.82852756,0.095231068,2.374402,403.00
956.204346,0.11428466,0.82764052,0.094586613,2.374402,403.00
956.446106,0.11595041,0.82617186,0.095794963,2.374402,403.00
956.687927,0.11947187,0.82407117,0.098453322,2.374402,403.00
956.929688,0.12154112,0.8213087,0.099822781,2.374402,403.00
957.171509,0.11896494,0.81793339,0.097305394,2.374402,403.00
957.413330,0.11935189,0.81410044,0.097164422,2.374402,403.00
957.655212,0.12184393,0.80968099,0.098654715,2.374402,403.00
957.897034,0.11792914,0.80462475,0.094888703,2.374402,403.00
958.138855,0.12293326,0.79906605,0.098231791,2.374402,403.00
958.380676,0.12538616,0.7927498,0.099399857,2.374402,403.00
958.622559,0.12375755,0.78593276,0.09726511,2.374402,403.00
958.864380,0.12592559,0.77863867,0.098050536,2.374402,403.00
959.106262,0.12729208,0.77091283,0.098131095,2.374402,403.00
959.348084,0.12529773,0.76277067,0.095573432,2.374402,403.00
959.589966,0.12927225,0.75411886,0.09748664,2.374402,403.00
959.831848,0.12799576,0.74496143,0.095351902,2.374402,403.00
960.073731,0.13299431,0.73558788,0.097829005,2.374402,403.00
960.315613,0.13349549,0.72573589,0.09688247,2.374402,403.00
960.557495,0.1294296,0.71539161,0.092592847,2.374402,403.00
960.799438,0.1319361,0.70470087,0.092975486,2.374402,403.00
961.041382,0.13358807,0.69372509,0.092673397,2.374402,403.00
961.283325,0.1346845,0.68224615,0.09188798,2.374402,403.00
961.525207,0.13565508,0.67038725,0.090941435,2.374402,403.00
961.767151,0.13798432,0.6581951,0.090820601,2.374402,403.00
962.009094,0.13454292,0.64584207,0.08689348,2.374402,403.00
962.251038,0.13937636,0.63341502,0.088283077,2.374402,403.00
962.492981,0.13941998,0.62093862,0.086571253,2.374402,403.00
962.734924,0.14051651,0.60849706,0.085503884,2.374402,403.00
962.976929,0.14322937,0.59598749,0.085362912,2.374402,403.00
963.218872,0.14462898,0.58325763,0.084355955,2.374402,403.00
963.460815,0.14086484,0.57053564,0.080368413,2.374402,403.00
963.702820,0.14691786,0.5577216,0.081939265,2.374402,403.00
963.944824,0.14480672,0.54499125,0.078918395,2.374402,403.00
964.186890,0.14199815,0.53222741,0.075575307,2.374402,403.00
964.428894,0.14933528,0.51956391,0.07758922,2.374402,403.00
964.670898,0.14918799,0.50711766,0.075655866,2.374402,403.00
964.912903,0.14355984,0.49473356,0.071023873,2.374402,403.00
965.154907,0.14627014,0.48239972,0.070560674,2.374402,403.00
965.396973,0.15273623,0.47015237,0.071809299,2.374402,403.00
965.638977,0.14567549,0.45796386,0.066714108,2.374402,403.00
965.881043,0.14939092,0.44603479,0.066633549,2.374402,403.00
966.123047,0.14951929,0.4343377,0.064941867,2.374402,403.00
966.365112,0.15163188,0.4225753,0.064075886,2.374402,403.00
966.607178,0.15191799,0.41090907,0.06242448,2.374402,403.00
966.849243,0.15459119,0.39950458,0.061759888,2.374402,403.00
967.091309,0.15327079,0.38822994,0.059504311,2.374402,403.00
967.333374,0.15106554,0.3772331,0.056986924,2.374402,403.00
967.575562,0.15636365,0.36638317,0.057289009,2.374402,403.00
967.817627,0.14926783,0.35600676,0.053140357,2.374402,403.00
968.059753,0.16185278,0.34574525,0.055959829,2.374402,403.00
968.301819,0.15863551,0.3354918,0.053220912,2.374402,403.00
968.543945,0.15554553,0.32558381,0.050643107,2.374402,403.00
968.786072,0.15761228,0.31607566,0.049817406,2.374402,403.00
969.028198,0.15691275,0.30657535,0.048105583,2.374402,403.00
969.270325,0.16032637,0.29753558,0.047702801,2.374402,403.00
969.512451,0.15864141,0.28876272,0.045809726,2.374402,403.00
969.754639,0.16618111,0.28026661,0.046575015,2.374402,403.00
969.996765,0.16411749,0.27201038,0.04464166,2.374402,403.00
970.238953,0.16577344,0.26394781,0.043755538,2.374402,403.00
970.481079,0.16139786,0.25613009,0.041338847,2.374402,403.00
970.723328,0.16162121,0.24854895,0.040170781,2.374402,403.00
970.965515,0.16525984,0.24088294,0.039808275,2.374402,403.00
971.207703,0.16528517,0.23365721,0.038620071,2.374402,403.00
971.449890,0.16019451,0.22649924,0.036283935,2.374402,403.00
971.692078,0.16371015,0.21954394,0.035941571,2.374402,403.00
971.934265,0.16047127,0.21293114,0.03416933,2.374402,403.00
972.176514,0.17698069,0.20649565,0.036545743,2.374402,403.00
972.418701,0.16238838,0.20024786,0.032517926,2.374402,403.00
972.660950,0.16260042,0.19416547,0.031571388,2.374402,403.00
972.903137,0.16894756,0.18818216,0.031792917,2.374402,403.00
973.145386,0.15954708,0.18260791,0.029134558,2.374402,403.00
973.387634,0.15390601,0.17713162,0.027261621,2.374402,403.00
973.629883,0.17191143,0.17181719,0.02953734,2.374402,403.00
973.872192,0.17770621,0.16666775,0.029617894,2.374402,403.00
974.114502,0.16718762,0.16149409,0.026999813,2.374402,403.00
974.356750,0.16559512,0.15647986,0.025912301,2.374402,403.00
974.598999,0.16372667,0.15162338,0.02482479,2.374402,403.00
974.841309,0.17004309,0.14705708,0.025006041,2.374402,403.00
975.083557,0.1682947,0.14272123,0.024019227,2.374402,403.00
975.325867,0.17384813,0.13850965,0.024079644,2.374402,403.00
975.568176,0.16321168,0.13420988,0.021904621,2.374402,403.00
975.810486,0.17380641,0.13008433,0.02260949,2.374402,403.00
976.052795,0.18204812,0.12607576,0.022951855,2.374402,403.00
976.295105,0.16418525,0.12237459,0.020092103,2.374402,403.00
976.537476,0.16975397,0.11871605,0.02015252,2.374402,403.00
976.779785,0.17742989,0.11528276,0.020454608,2.374402,403.00
977.022095,0.17680988,0.11181433,0.019769878,2.374402,403.00
977.264526,0.16246043,0.10842637,0.017614994,2.374402,403.00
977.506897,0.17761983,0.10506838,0.018662227,2.374402,403.00
977.749268,0.17415311,0.10195608,0.017755968,2.374402,403.00
977.991577,0.18608987,0.098987432,0.018420558,2.374402,403.00
978.233948,0.17246591,0.096180752,0.016587901,2.374402,403.00
978.476379,0.19598035,0.093375299,0.018299724,2.374402,403.00
978.718750,0.17572041,0.090502704,0.015903172,2.374402,403.00
978.961121,0.1734086,0.087644464,0.015198304,2.374402,403.00
979.203552,0.17536927,0.084941997,0.014896216,2.374402,403.00
979.445923,0.17476463,0.082354988,0.014392739,2.374402,403.00
979.688354,0.17987059,0.079793265,0.014352462,2.374402,403.00
979.930786,0.18188094,0.077361127,0.014070514,2.374402,403.00
980.173157,0.17440182,0.075020423,0.013083698,2.374402,403.00
980.415649,0.24164158,0.072813858,0.017594856,2.374402,403.00
980.658081,0.1798214,0.0706315,0.012701055,2.374402,403.00
980.900574,0.19435929,0.068560487,0.013325368,2.374402,403.00
981.143005,0.18423095,0.066536024,0.012257995,2.374402,403.00
981.385437,0.16854781,0.064482578,0.010868398,2.374402,403.00
981.627930,0.17835841,0.062629419,0.011170484,2.374402,403.00
981.870361,0.18359476,0.060843151,0.011170484,2.374402,403.00
982.112854,0.19225079,0.0590465,0.011351736,2.374402,403.00
982.355347,0.19719902,0.057258496,0.011291319,2.374402,403.00
982.597839,0.15902884,0.055425231,0.0088142103,2.374402,403.00
982.840332,0.199308,0.053722305,0.010707285,2.374402,403.00
983.082825,0.16226258,0.052210715,0.0084718456,2.374402,403.00
983.325317,0.20971249,0.050864908,0.010667007,2.374402,403.00
983.567871,0.15544941,0.049446449,0.0076864212,2.374402,403.00
983.810425,0.14015323,0.047802004,0.0066996054,2.374402,403.00
984.052918,0.22181941,0.046272889,0.010264225,2.374402,403.00
984.295471,0.17894297,0.044867848,0.0080287859,2.374402,403.00
984.538025,0.19702728,0.043509411,0.008572541,2.374402,403.00
984.780518,0.20968927,0.04213067,0.0088343495,2.374402,403.00
985.023071,0.15144631,0.040780057,0.006175989,2.374402,403.00
985.265625,0.24230244,0.039285937,0.0095190784,2.374402,403.00
985.508240,0.17299151,0.037680194,0.0065183537,2.374402,403.00
985.750793,0.17014165,0.036299102,0.006175989,2.374402,403.00
985.993347,0.17570141,0.035265102,0.0061961282,2.374402,403.00
986.235962,0.19724184,0.03417066,0.0067398838,2.374402,403.00
986.478516,0.20772261,0.033028267,0.0068607179,2.374402,403.00
986.721191,0.22774563,0.031893038,0.0072635002,2.374402,403.00
986.963806,0.26130634,0.031033852,0.0081093422,2.374402,403.00
987.206360,0.18488984,0.02991802,0.005531538,2.374402,403.00
987.448975,0.21505443,0.029092845,0.0062565453,2.374402,403.00
987.691589,0.1833366,0.028413925,0.0052093124,2.374402,403.00
987.934265,0.22664085,0.02769441,0.0062766845,2.374402,403.00
988.176880,0.14747941,0.026855876,0.0039606887,2.374402,403.00
988.419495,0.19618912,0.026141899,0.0051287562,2.374402,403.00
988.662170,0.23666875,0.025414746,0.006014876,2.374402,403.00
988.904785,0.23884368,0.024761721,0.0059141805,2.374402,403.00
989.147461,0.23958903,0.024012234,0.005753068,2.374402,403.00
989.390137,0.24720172,0.023517171,0.0058134851,2.374402,403.00
989.632812,0.21560367,0.022760402,0.0049072261,2.374402,403.00
989.875549,0.22246279,0.022149167,0.0049273653,2.374402,403.00
990.118225,0.20377484,0.021610856,0.0044037486,2.374402,403.00
990.360901,0.2519322,0.021077131,0.0053100079,2.374402,403.00
990.603577,0.26710769,0.020558223,0.0054912596,2.374402,403.00
990.846313,0.19543039,0.019957344,0.0039002714,2.374402,403.00
991.088989,0.23721656,0.019413229,0.0046051395,2.374402,403.00
991.331726,0.30738101,0.018912961,0.0058134851,2.374402,403.00
991.574463,0.20712239,0.018441825,0.0038197149,2.374402,403.00
991.817139,0.23204734,0.018023126,0.0041822185,2.374402,403.00
992.059875,0.22280001,0.017415314,0.0038801322,2.374402,403.00
992.302612,0.18734305,0.01684143,0.0031551249,2.374402,403.00
992.545410,0.28660763,0.016348818,0.004685696,2.374402,403.00
992.788147,0.25110172,0.015853446,0.0039808276,2.374402,403.00
993.030945,0.3474721,0.015455703,0.0053704255,2.374402,403.00
993.273743,0.13781822,0.015002469,0.0020676137,2.374402,403.00
993.516479,0.22559499,0.014521418,0.0032759593,2.374402,403.00
993.759277,0.096805253,0.014077185,0.0013627454,2.374402,403.00
994.002014,0.25238153,0.013778149,0.0034773504,2.374402,403.00
994.244812,0.23067197,0.013503359,0.0031148465,2.374402,403.00
994.487610,0.35328594,0.013263183,0.004685696,2.374402,403.00
994.730408,0.16409331,0.01296842,0.002128031,2.374402,403.00
994.973206,0.32266655,0.012649353,0.0040815231,2.374402,403.00
995.216065,0.31077307,0.012355814,0.0038398541,2.374402,403.00
995.458862,0.38186792,0.012164986,0.0046454179,2.374402,403.00
995.701721,0.34970209,0.011901786,0.0041620796,2.374402,403.00
995.944519,0.30331543,0.011597262,0.0035176285,2.374402,403.00
996.187439,0.32454245,0.011273108,0.0036586021,2.374402,403.00
996.430237,0.30211565,0.011110036,0.0033565158,2.374402,403.00
996.673096,0.32334624,0.010878829,0.0035176285,2.374402,403.00
996.915955,0.29418326,0.010519659,0.0030947076,2.374402,403.00
997.158813,0.40305131,0.010226493,0.0041218012,2.374402,403.00
997.401733,0.17007754,0.010025486,0.00170511,2.374402,403.00
997.644592,0.35723621,0.0097904109,0.0034974893,2.374402,403.00
997.887451,0.36573319,0.009562953,0.0034974893,2.374402,403.00
998.130371,0.3052741,0.0092798551,0.0028328994,2.374402,403.00
998.373230,0.43757703,0.0090053848,0.0039405495,2.374402,403.00
998.616150,0.38173817,0.0086344481,0.0032960985,2.374402,403.00
998.859070,0.30394046,0.0083929331,0.002550952,2.374402,403.00
999.101990,0.42786041,0.0083155781,0.0035579067,2.374402,403.00
999.344910,0.58009282,0.0081816442,0.0047461131,2.374402,403.00
999.587891,0.39545574,0.0079784527,0.0031551249,2.374402,403.00
999.830810,0.45173841,0.0076977081,0.0034773504,2.374402,403.00
1000.073730,0.3326612,0.0074261613,0.0024703957,2.374402,403.00
1000.316650,0.39531346,0.0073190442,0.0028933167,2.374402,403.00
1000.559631,0.31277634,0.0073187881,0.0022891438,2.374402,403.00
1000.802551,0.17973433,0.0073578997,0.0013224672,2.374402,403.00
1001.045532,0.54086321,0.0071739621,0.0038801322,2.374402,403.00
1001.288513,0.32219566,0.0069798132,0.0022488655,2.374402,403.00
1001.531494,0.46228268,0.006781534,0.0031349857,2.374402,403.00
1001.774475,0.4562446,0.006650578,0.0030342903,2.374402,403.00
1002.017456,0.33957348,0.0066226181,0.0022488655,2.374402,403.00
1002.260498,0.45627724,0.0065176885,0.0029738729,2.374402,403.00
1002.503479,0.53198235,0.0063851627,0.0033967939,2.374402,403.00
1002.746521,0.46433705,0.0061443261,0.0028530383,2.374402,403.00
1002.989502,0.31736332,0.005816941,0.0018460837,2.374402,403.00
1003.232544,0.39764778,0.0057060665,0.0022690047,2.374402,403.00
1003.475525,0.69036807,0.0056203819,0.0038801322,2.374402,403.00
1003.718567,0.46860939,0.0054006873,0.0025308128,2.374402,403.00
1003.961609,0.67917519,0.0052978743,0.0035981848,2.374402,403.00
1004.204651,0.46331857,0.0050276894,0.0023294219,2.374402,403.00
1004.447693,0.89866311,0.0048779233,0.0043836097,2.374402,403.00
1004.690735,0.14796052,0.0048546355,0.00071829437,2.374402,403.00
1004.933838,0.78027494,0.0047662935,0.0037190194,2.374402,403.00
1005.176880,0.61364553,0.0047477827,0.0029134556,2.374402,403.00
1005.419983,0.72036467,0.004603554,0.0033162377,2.374402,403.00
1005.663086,0.47852091,0.0044050153,0.0021078919,2.374402,403.00
1005.906189,0.92755603,0.0043568742,0.004041245,2.374402,403.00
1006.149292,0.93447536,0.0043030624,0.0040211058,2.374402,403.00
1006.392334,0.76402441,0.0042350494,0.0032356811,2.374402,403.00
1006.635437,0.30187034,0.0041807684,0.00126205,2.374402,403.00
1006.878540,0.97012727,0.0042072037,0.0040815231,2.374402,403.00
1007.121704,0.65649676,0.0041004399,0.0026919255,2.374402,403.00
1007.364807,0.96502826,0.0041042204,0.0039606887,2.374402,403.00
1007.607910,0.62463514,0.0040839073,0.002550952,2.374402,403.00
1007.851074,0.81095191,0.0039403114,0.003195403,2.374402,403.00
1008.094177,0.43574347,0.0040055405,0.0017453881,2.374402,403.00
1008.337341,0.90177171,0.0038561316,0.0034773504,2.374402,403.00
1008.580566,0.84519448,0.003756844,0.0031752638,2.374402,403.00
1008.823730,1.2579621,0.0036928122,0.0046454179,2.374402,403.00
1009.066895,0.18210902,0.0035019573,0.00063773799,2.374402,403.00
1009.310059,0.9535333,0.00341448,0.0032558203,2.374402,403.00
1009.553223,0.40459849,0.0033681426,0.0013627454,2.374402,403.00
1009.796387,1.1068218,0.0033055024,0.0036586021,2.374402,403.00
1010.039612,0.80735003,0.0034839414,0.0028127602,2.374402,403.00
1010.282776,1.0308862,0.0032559518,0.0033565158,2.374402,403.00
1010.526001,0.50874112,0.0031932815,0.0016245536,2.374402,403.00
1010.769165,0.9833961,0.0031469594,0.0030947076,2.374402,403.00
1011.012390,0.51666178,0.0030663685,0.0015842754,2.374402,403.00
1011.255615,0.90729812,0.002989166,0.0027120647,2.374402,403.00
1011.498901,0.56881131,0.003033078,0.0017252491,2.374402,403.00
1011.742126,1.0686996,0.0030465252,0.0032558203,2.374402,403.00
1011.985352,0.61012719,0.0030587438,0.0018662228,2.374402,403.00
1012.228577,0.8206625,0.0028630053,0.0023495611,2.374402,403.00
1012.471863,1.0331221,0.0029954907,0.0030947076,2.374402,403.00
1012.715088,1.1321121,0.0030359821,0.003437072,2.374402,403.00
1012.958374,0.70517499,0.0031605296,0.0022287264,2.374402,403.00
1013.201599,1.3393575,0.0033781743,0.0045245832,2.374402,403.00
1013.444885,0.65680518,0.0033932839,0.0022287264,2.374402,403.00
1013.688171,0.62375523,0.0033147837,0.0020676137,2.374402,403.00
1013.931458,0.39315255,0.0031076277,0.0012217717,2.374402,403.00
1014.174744,0.95463831,0.0029886065,0.0028530383,2.374402,403.00
1014.418030,0.93702966,0.002937306,0.0027523428,2.374402,403.00
1014.661377,0.72627968,0.0026804814,0.0019467792,2.374402,403.00
1014.904724,1.0034565,0.0024217466,0.0024301173,2.374402,403.00
1015.148010,1.1435557,0.0023011634,0.0026315085,2.374402,403.00
1015.391357,1.8907744,0.0021480004,0.0040613842,2.374402,403.00
1015.634644,1.289565,0.0019781492,0.002550952,2.374402,403.00
1015.877991,0.85228781,0.0020478858,0.0017453881,2.374402,403.00
1016.121338,1.3862925,0.0020725623,0.0028731775,2.374402,403.00
1016.364685,1.2560428,0.0020469774,0.0025710912,2.374402,403.00
1016.608032,1.2829258,0.0021139686,0.0027120647,2.374402,403.00
1016.851379,0.85171201,0.0022620793,0.0019266401,2.374402,403.00
1017.094727,0.80786749,0.0025094902,0.0020273355,2.374402,403.00
1017.338074,0.48437682,0.0025639352,0.0012419108,2.374402,403.00
1017.581543,0.94489219,0.0025292189,0.0023898392,2.374402,403.00
1017.824890,0.72278937,0.0025262471,0.0018259445,2.374402,403.00
1018.068298,1.6683574,0.0023619336,0.0039405495,2.374402,403.00
1018.311707,-0.55847827,0.0023920238,-0.0013358933,2.374402,403.00
1018.555054,-0.51469959,0.0024389701,-0.0012553369,2.374402,403.00
1018.798462,-0.52543409,0.0025424565,-0.0013358933,2.374402,403.00
1019.041870,-0.44994078,0.0026557264,-0.0011949196,2.374402,403.00
1019.285278,-0.48420773,0.0025925586,-0.0012553369,2.374402,403.00
1019.528748,-0.32399878,0.0025691945,-0.00083241588,2.374402,403.00
